-- phpMyAdmin SQL Dump
-- version 5.2.2
-- https://www.phpmyadmin.net/
--
-- Host: bgxhkim7mv48vw6ugp6x-mysql.services.clever-cloud.com:3306
-- Generation Time: Nov 14, 2025 at 10:17 AM
-- Server version: 8.0.22-13
-- PHP Version: 8.2.29

SET SQL_MODE = "NO_AUTO_VALUE_ON_ZERO";
START TRANSACTION;
SET time_zone = "+00:00";


/*!40101 SET @OLD_CHARACTER_SET_CLIENT=@@CHARACTER_SET_CLIENT */;
/*!40101 SET @OLD_CHARACTER_SET_RESULTS=@@CHARACTER_SET_RESULTS */;
/*!40101 SET @OLD_COLLATION_CONNECTION=@@COLLATION_CONNECTION */;
/*!40101 SET NAMES utf8mb4 */;

--
-- Database: `bgxhkim7mv48vw6ugp6x`
--

-- --------------------------------------------------------

--
-- Table structure for table `associations`
--

CREATE TABLE `associations` (
  `id` int NOT NULL,
  `name` varchar(255) COLLATE utf8mb4_general_ci NOT NULL,
  `description` varchar(255) COLLATE utf8mb4_general_ci NOT NULL,
  `created_at` timestamp NOT NULL DEFAULT CURRENT_TIMESTAMP,
  `updated_at` timestamp NOT NULL DEFAULT CURRENT_TIMESTAMP,
  `imgUrl` text COLLATE utf8mb4_general_ci
) ENGINE=InnoDB DEFAULT CHARSET=utf8mb4 COLLATE=utf8mb4_general_ci;

--
-- Dumping data for table `associations`
--

INSERT INTO `associations` (`id`, `name`, `description`, `created_at`, `updated_at`, `imgUrl`) VALUES
(4, 'SPOREMGA', 'SAN PABLO ORGANIZED AND REUNITED  MUSHROOM GROWERS ASSOCIATION (SPOREMGA)', '2025-07-30 17:39:12', '2025-07-30 17:39:12', NULL),
(5, 'Sampalok Lake Fisherys', 'Sampalok Lake Fishery', '2025-07-30 17:48:12', '2025-07-30 17:48:12', NULL),
(6, 'Sta Maria Rice Farmer', 'Sta Maria Rice Farmer', '2025-07-30 17:51:33', '2025-07-30 17:51:33', NULL),
(7, 'SNMU', 'SAMAHAN NG MAG UUBE NG SAN PABLO CITY', '2025-07-30 17:53:56', '2025-07-30 17:53:56', NULL),
(10, 'test', 'test', '2025-10-28 12:12:42', '2025-10-28 12:12:42', NULL),
(11, 'aas', 'a', '2025-10-28 12:13:20', '2025-10-28 12:13:20', NULL);

-- --------------------------------------------------------

--
-- Table structure for table `barangay`
--

CREATE TABLE `barangay` (
  `id` int NOT NULL,
  `name` varchar(255) COLLATE utf8mb4_general_ci NOT NULL
) ENGINE=InnoDB DEFAULT CHARSET=utf8mb4 COLLATE=utf8mb4_general_ci;

--
-- Dumping data for table `barangay`
--

INSERT INTO `barangay` (`id`, `name`) VALUES
(82, 'Atisan'),
(83, 'II-A'),
(84, 'VI-C'),
(85, 'I-A'),
(86, 'I-B'),
(87, 'II-A'),
(88, 'II-B'),
(89, 'II-C'),
(90, 'II-D'),
(91, 'II-E'),
(92, 'II-F'),
(93, 'III-A'),
(94, 'III-B'),
(95, 'III-C'),
(96, 'III-D'),
(97, 'III-E'),
(98, 'III-F'),
(99, 'IV-A'),
(100, 'IV-B'),
(101, 'IV-C'),
(102, 'V-A'),
(103, 'V-B'),
(104, 'V-C'),
(105, 'V-D'),
(106, 'VI-A'),
(107, 'VI-B'),
(108, 'VI-D'),
(109, 'VI-E'),
(110, 'VII-A'),
(111, 'VII-B'),
(112, 'VII-C'),
(113, 'VII-D'),
(114, 'VII-E'),
(115, 'Bautista'),
(116, 'Concepcion'),
(117, 'Del Remedio'),
(118, 'Dolores'),
(119, 'San Antonio 1'),
(120, 'San Antonio 2'),
(121, 'San Bartolome'),
(122, 'San Buenaventura'),
(123, 'San Crispin'),
(124, 'San Cristobal'),
(125, 'San Diego'),
(126, 'San Francisco'),
(127, 'San Gabriel'),
(128, 'San Gregorio'),
(129, 'San Ignacio'),
(130, 'San Isidro'),
(131, 'San Joaquin'),
(132, 'San Jose'),
(133, 'San Juan'),
(134, 'San Lorenzo'),
(135, 'San Lucas 1'),
(136, 'San Lucas 2'),
(137, 'San Marcos'),
(138, 'San Mateo'),
(139, 'San Miguel'),
(140, 'San Nicolas'),
(141, 'San Pedro'),
(142, 'San Rafael'),
(143, 'San Roque'),
(144, 'Santa Ana'),
(145, 'Santa Catalina'),
(146, 'Santa Cruz'),
(147, 'Santa Elena'),
(148, 'Santa Felomina'),
(149, 'Santa Isabel'),
(150, 'Santa Maria'),
(151, 'Santa Maria Magdalena'),
(152, 'Santa Monica'),
(153, 'Santa Veronica'),
(154, 'Santiago 1'),
(155, 'Santiago 2'),
(156, 'Santisimo Rosario'),
(157, 'Santo Angel'),
(158, 'Santo Cristo'),
(159, 'Santo Niño'),
(160, 'San Vicente'),
(161, 'Soledad'),
(162, 'San Pablo');

-- --------------------------------------------------------

--
-- Table structure for table `chart_annotations`
--

CREATE TABLE `chart_annotations` (
  `id` int NOT NULL,
  `year` varchar(10) COLLATE utf8mb4_general_ci NOT NULL,
  `value` double NOT NULL,
  `text` text COLLATE utf8mb4_general_ci NOT NULL,
  `coordinate_unit` varchar(20) COLLATE utf8mb4_general_ci NOT NULL,
  `horizontal_alignment` varchar(20) COLLATE utf8mb4_general_ci NOT NULL,
  `vertical_alignment` varchar(20) COLLATE utf8mb4_general_ci NOT NULL,
  `created_at` datetime NOT NULL
) ENGINE=InnoDB DEFAULT CHARSET=utf8mb4 COLLATE=utf8mb4_general_ci;

--
-- Dumping data for table `chart_annotations`
--

INSERT INTO `chart_annotations` (`id`, `year`, `value`, `text`, `coordinate_unit`, `horizontal_alignment`, `vertical_alignment`, `created_at`) VALUES
(19, '2023', 32518.942295170025, 'qwe', 'point', 'near', 'far', '2025-11-05 11:26:48'),
(27, '2023', 32039.854293823242, 'test', 'point', 'near', 'far', '2025-11-05 11:31:42'),
(33, '2024', 28581.289398460296, 'test', 'point', 'near', 'far', '2025-11-05 11:33:41'),
(35, '2022', 20323.90368096787, 'e', 'point', 'near', 'far', '2025-11-14 07:40:54');

-- --------------------------------------------------------

--
-- Table structure for table `farmers`
--

CREATE TABLE `farmers` (
  `id` int NOT NULL,
  `user_id` int DEFAULT '0',
  `farm_name` varchar(100) COLLATE utf8mb4_general_ci DEFAULT '---',
  `name` varchar(100) COLLATE utf8mb4_general_ci NOT NULL,
  `contact` varchar(20) COLLATE utf8mb4_general_ci DEFAULT '----',
  `total_land_area` decimal(10,0) DEFAULT '0',
  `barangay` varchar(255) COLLATE utf8mb4_general_ci NOT NULL,
  `sector_id` int NOT NULL,
  `imageUrl` text COLLATE utf8mb4_general_ci,
  `email` varchar(255) COLLATE utf8mb4_general_ci DEFAULT '---',
  `phone` varchar(255) COLLATE utf8mb4_general_ci DEFAULT '---',
  `address` varchar(255) CHARACTER SET utf8mb4 COLLATE utf8mb4_general_ci DEFAULT NULL,
  `created_at` timestamp NOT NULL DEFAULT CURRENT_TIMESTAMP,
  `updated_at` timestamp NOT NULL DEFAULT CURRENT_TIMESTAMP,
  `surname` varchar(255) COLLATE utf8mb4_general_ci DEFAULT NULL,
  `middlename` varchar(255) COLLATE utf8mb4_general_ci DEFAULT NULL,
  `firstname` varchar(255) COLLATE utf8mb4_general_ci DEFAULT NULL,
  `extension` varchar(55) COLLATE utf8mb4_general_ci DEFAULT NULL,
  `sex` varchar(55) COLLATE utf8mb4_general_ci DEFAULT NULL,
  `house_hold_head` varchar(55) COLLATE utf8mb4_general_ci DEFAULT NULL,
  `civil_status` varchar(55) COLLATE utf8mb4_general_ci DEFAULT NULL,
  `spouse_name` varchar(255) COLLATE utf8mb4_general_ci DEFAULT NULL,
  `religion` varchar(255) COLLATE utf8mb4_general_ci DEFAULT NULL,
  `household_num` int DEFAULT NULL,
  `male_members_num` int DEFAULT NULL,
  `female_members_num` int DEFAULT NULL,
  `mother_maiden_name` varchar(255) COLLATE utf8mb4_general_ci DEFAULT NULL,
  `person_to_notify` varchar(255) COLLATE utf8mb4_general_ci DEFAULT NULL,
  `ptn_contact` varchar(255) COLLATE utf8mb4_general_ci DEFAULT NULL,
  `ptn_relationship` varchar(255) COLLATE utf8mb4_general_ci DEFAULT NULL,
  `status` varchar(255) COLLATE utf8mb4_general_ci DEFAULT 'Active',
  `assoc_id` int DEFAULT NULL,
  `birthday` date DEFAULT NULL
) ENGINE=InnoDB DEFAULT CHARSET=utf8mb4 COLLATE=utf8mb4_general_ci;

--
-- Dumping data for table `farmers`
--

INSERT INTO `farmers` (`id`, `user_id`, `farm_name`, `name`, `contact`, `total_land_area`, `barangay`, `sector_id`, `imageUrl`, `email`, `phone`, `address`, `created_at`, `updated_at`, `surname`, `middlename`, `firstname`, `extension`, `sex`, `house_hold_head`, `civil_status`, `spouse_name`, `religion`, `household_num`, `male_members_num`, `female_members_num`, `mother_maiden_name`, `person_to_notify`, `ptn_contact`, `ptn_relationship`, `status`, `assoc_id`, `birthday`) VALUES
(210, 40, '---', 'Leodino Carandang', '----', 0, 'Concepcion', 2, 'https://res.cloudinary.com/dk41ykxsq/image/upload/v1745590990/cHJpdmF0ZS9sci9pbWFnZXMvd2Vic2l0ZS8yMDIzLTAxL3JtNjA5LXNvbGlkaWNvbi13LTAwMi1wLnBuZw-removebg-preview_myrmrf.png', 'leondino@gmail.com', '---', '', '2025-07-30 16:15:35', '2025-07-30 17:50:18', 'Carandang', NULL, 'Leodino', NULL, NULL, NULL, NULL, NULL, NULL, NULL, NULL, NULL, NULL, NULL, NULL, NULL, 'Active', 5, NULL),
(211, 41, '---', 'Eliseo Ambal', '----', 0, 'Concepcion', 2, 'https://res.cloudinary.com/dk41ykxsq/image/upload/v1745590990/cHJpdmF0ZS9sci9pbWFnZXMvd2Vic2l0ZS8yMDIzLTAxL3JtNjA5LXNvbGlkaWNvbi13LTAwMi1wLnBuZw-removebg-preview_myrmrf.png', 'eliseo@gmail.com', '---', '', '2025-07-30 16:16:34', '2025-07-30 17:49:57', 'Ambal', NULL, 'Eliseo', NULL, NULL, NULL, NULL, NULL, NULL, NULL, NULL, NULL, NULL, NULL, NULL, NULL, 'Active', 5, NULL),
(212, 42, '---', 'Shirley del Rosario', '----', 0, 'Concepcion', 2, 'https://res.cloudinary.com/dk41ykxsq/image/upload/v1745590990/cHJpdmF0ZS9sci9pbWFnZXMvd2Vic2l0ZS8yMDIzLTAxL3JtNjA5LXNvbGlkaWNvbi13LTAwMi1wLnBuZw-removebg-preview_myrmrf.png', 'shirley@gmail.com', '---', '', '2025-07-30 16:17:19', '2025-07-30 17:49:43', 'Rosario', 'del', 'Shirley', NULL, NULL, NULL, NULL, NULL, NULL, NULL, NULL, NULL, NULL, NULL, NULL, NULL, 'Active', 5, NULL),
(213, 43, '---', 'Danilo Cortez', '----', 0, 'San Buenaventura', 5, 'https://res.cloudinary.com/dk41ykxsq/image/upload/v1745590990/cHJpdmF0ZS9sci9pbWFnZXMvd2Vic2l0ZS8yMDIzLTAxL3JtNjA5LXNvbGlkaWNvbi13LTAwMi1wLnBuZw-removebg-preview_myrmrf.png', 'danilo@gmail.com', '---', '', '2025-07-30 16:20:05', '2025-07-30 16:20:05', 'Cortez', NULL, 'Danilo', NULL, NULL, NULL, NULL, NULL, NULL, NULL, NULL, NULL, NULL, NULL, NULL, NULL, 'Active', NULL, NULL),
(214, 44, '---', 'Antonio Gabiana', '----', 0, 'San Buenaventura', 5, 'https://res.cloudinary.com/dk41ykxsq/image/upload/v1745590990/cHJpdmF0ZS9sci9pbWFnZXMvd2Vic2l0ZS8yMDIzLTAxL3JtNjA5LXNvbGlkaWNvbi13LTAwMi1wLnBuZw-removebg-preview_myrmrf.png', 'antonio@gmail.com', '---', '', '2025-07-30 16:20:49', '2025-07-30 16:20:49', 'Gabiana', NULL, 'Antonio', NULL, NULL, NULL, NULL, NULL, NULL, NULL, NULL, NULL, NULL, NULL, NULL, NULL, 'Active', NULL, NULL),
(215, 45, '---', 'Rodrigo Gabino', '----', 0, 'San Buenaventura', 5, 'https://res.cloudinary.com/dk41ykxsq/image/upload/v1745590990/cHJpdmF0ZS9sci9pbWFnZXMvd2Vic2l0ZS8yMDIzLTAxL3JtNjA5LXNvbGlkaWNvbi13LTAwMi1wLnBuZw-removebg-preview_myrmrf.png', 'rodrigo@gmail.com', '---', '', '2025-07-30 16:21:38', '2025-07-30 16:21:38', 'Gabino', NULL, 'Rodrigo', NULL, NULL, NULL, NULL, NULL, NULL, NULL, NULL, NULL, NULL, NULL, NULL, NULL, 'Active', NULL, NULL),
(216, 46, '---', 'Lucia Mangubat', '----', 0, 'San Jose', 4, 'https://res.cloudinary.com/dk41ykxsq/image/upload/v1745590990/cHJpdmF0ZS9sci9pbWFnZXMvd2Vic2l0ZS8yMDIzLTAxL3JtNjA5LXNvbGlkaWNvbi13LTAwMi1wLnBuZw-removebg-preview_myrmrf.png', 'lucia@gmail.com', '---', '', '2025-07-30 16:26:36', '2025-07-30 17:55:02', 'Mangubat', NULL, 'Lucia', NULL, NULL, NULL, NULL, NULL, NULL, NULL, NULL, NULL, NULL, NULL, NULL, NULL, 'Active', 7, NULL),
(217, 47, '---', 'Raymund Banaag', '----', 0, 'San Jose', 6, 'https://res.cloudinary.com/dk41ykxsq/image/upload/v1745590990/cHJpdmF0ZS9sci9pbWFnZXMvd2Vic2l0ZS8yMDIzLTAxL3JtNjA5LXNvbGlkaWNvbi13LTAwMi1wLnBuZw-removebg-preview_myrmrf.png', 'raymund@gmail.com', '---', '', '2025-07-30 16:27:28', '2025-07-30 16:27:28', 'Banaag', NULL, 'Raymund', NULL, NULL, NULL, NULL, NULL, NULL, NULL, NULL, NULL, NULL, NULL, NULL, NULL, 'Active', NULL, NULL),
(218, 48, '---', 'Mely Jean Marquez', '----', 0, 'San Jose', 6, 'https://res.cloudinary.com/dk41ykxsq/image/upload/v1745590990/cHJpdmF0ZS9sci9pbWFnZXMvd2Vic2l0ZS8yMDIzLTAxL3JtNjA5LXNvbGlkaWNvbi13LTAwMi1wLnBuZw-removebg-preview_myrmrf.png', 'mely@gmail.com', '---', '', '2025-07-30 16:28:05', '2025-07-30 16:28:05', 'Marquez', 'Jean', 'Mely', NULL, NULL, NULL, NULL, NULL, NULL, NULL, NULL, NULL, NULL, NULL, NULL, NULL, 'Active', NULL, NULL),
(219, 49, '---', 'Nelda Chen', '----', 0, 'Santa Maria Magdalena', 3, 'https://res.cloudinary.com/dk41ykxsq/image/upload/v1745590990/cHJpdmF0ZS9sci9pbWFnZXMvd2Vic2l0ZS8yMDIzLTAxL3JtNjA5LXNvbGlkaWNvbi13LTAwMi1wLnBuZw-removebg-preview_myrmrf.png', 'nelda@gmail.com', '---', '', '2025-07-30 16:29:48', '2025-07-30 17:52:24', 'Chen', NULL, 'Nelda', NULL, NULL, NULL, NULL, NULL, NULL, NULL, NULL, NULL, NULL, NULL, NULL, NULL, 'Active', 6, NULL),
(220, 50, '---', 'Rene Lasquite', '----', 0, 'Santa Maria Magdalena', 3, 'https://res.cloudinary.com/dk41ykxsq/image/upload/v1745590990/cHJpdmF0ZS9sci9pbWFnZXMvd2Vic2l0ZS8yMDIzLTAxL3JtNjA5LXNvbGlkaWNvbi13LTAwMi1wLnBuZw-removebg-preview_myrmrf.png', 'rene@gmail.com', '---', '', '2025-07-30 16:30:18', '2025-07-30 17:52:10', 'Lasquite', NULL, 'Rene', NULL, NULL, NULL, NULL, NULL, NULL, NULL, NULL, NULL, NULL, NULL, NULL, NULL, 'Active', 6, NULL),
(221, 51, '---', 'Epifania Comia', '----', 0, 'Santa Maria Magdalena', 3, 'https://res.cloudinary.com/dk41ykxsq/image/upload/v1745590990/cHJpdmF0ZS9sci9pbWFnZXMvd2Vic2l0ZS8yMDIzLTAxL3JtNjA5LXNvbGlkaWNvbi13LTAwMi1wLnBuZw-removebg-preview_myrmrf.png', 'epifania@gmail.com', '---', '', '2025-07-30 16:30:49', '2025-07-30 17:53:00', 'Comia', NULL, 'Epifania', NULL, NULL, NULL, NULL, NULL, NULL, NULL, NULL, NULL, NULL, NULL, NULL, NULL, 'Active', 6, NULL),
(222, 52, '---', 'Jeplo Austria', '----', 0, 'Concepcion', 4, 'https://res.cloudinary.com/dk41ykxsq/image/upload/v1745590990/cHJpdmF0ZS9sci9pbWFnZXMvd2Vic2l0ZS8yMDIzLTAxL3JtNjA5LXNvbGlkaWNvbi13LTAwMi1wLnBuZw-removebg-preview_myrmrf.png', 'jeplo@gmail.com', '---', '', '2025-07-30 17:32:29', '2025-07-30 17:32:29', 'Austria', NULL, 'Jeplo', NULL, NULL, NULL, NULL, NULL, NULL, NULL, NULL, NULL, NULL, NULL, NULL, NULL, 'Active', NULL, NULL),
(223, 53, '---', 'Joseph Xavier', '----', 0, 'I-B', 1, 'https://res.cloudinary.com/dk41ykxsq/image/upload/v1745590990/cHJpdmF0ZS9sci9pbWFnZXMvd2Vic2l0ZS8yMDIzLTAxL3JtNjA5LXNvbGlkaWNvbi13LTAwMi1wLnBuZw-removebg-preview_myrmrf.png', 'joseph@gmail.com', '---', '', '2025-07-30 17:40:19', '2025-07-30 17:44:31', 'Xavier', NULL, 'Joseph', NULL, NULL, NULL, NULL, NULL, NULL, NULL, NULL, NULL, NULL, NULL, NULL, NULL, 'Active', 4, NULL),
(224, 54, '---', 'Mark Anthony', '----', 0, 'Santiago 1', 3, 'https://res.cloudinary.com/dk41ykxsq/image/upload/v1745590990/cHJpdmF0ZS9sci9pbWFnZXMvd2Vic2l0ZS8yMDIzLTAxL3JtNjA5LXNvbGlkaWNvbi13LTAwMi1wLnBuZw-removebg-preview_myrmrf.png', 'mark@gmail.com', '---', NULL, '2025-07-30 17:46:09', '2025-08-08 08:45:08', 'Anthony', NULL, 'Mark', NULL, NULL, NULL, NULL, NULL, NULL, NULL, NULL, NULL, NULL, NULL, NULL, NULL, 'Active', 4, NULL),
(225, 55, '---', 'Kobe Bryant', '----', 0, 'Santa Isabel', 2, 'https://res.cloudinary.com/dk41ykxsq/image/upload/v1745590990/cHJpdmF0ZS9sci9pbWFnZXMvd2Vic2l0ZS8yMDIzLTAxL3JtNjA5LXNvbGlkaWNvbi13LTAwMi1wLnBuZw-removebg-preview_myrmrf.png', 'kobe@gmai.com', '---', '', '2025-07-31 04:12:55', '2025-07-31 04:12:55', 'Bryant', NULL, 'Kobe', NULL, NULL, NULL, NULL, NULL, NULL, NULL, NULL, NULL, NULL, NULL, NULL, NULL, 'Active', NULL, NULL),
(226, 0, '---', 'lebron james', '----', 0, 'San Diego', 3, '---', 'lebron@gmail.com', '---', NULL, '2025-08-01 00:31:36', '2025-08-01 01:31:07', 'james', NULL, 'lebron', NULL, NULL, NULL, NULL, NULL, NULL, NULL, NULL, NULL, NULL, NULL, NULL, NULL, 'Active', NULL, NULL),
(227, 57, '---', 'kawhi leonard', '----', 0, 'San Diego', 6, 'https://res.cloudinary.com/dk41ykxsq/image/upload/v1745590990/cHJpdmF0ZS9sci9pbWFnZXMvd2Vic2l0ZS8yMDIzLTAxL3JtNjA5LXNvbGlkaWNvbi13LTAwMi1wLnBuZw-removebg-preview_myrmrf.png', 'kawhi@gmail.com', '1290', NULL, '2025-08-08 03:56:03', '2025-08-08 06:24:36', 'leonard', NULL, 'kawhi', NULL, 'Male', NULL, NULL, NULL, NULL, NULL, NULL, NULL, NULL, NULL, NULL, NULL, 'Active', NULL, NULL),
(234, 66, '---', 'Atticus Oddysey', '----', 0, 'Concepcion', 3, 'https://res.cloudinary.com/dk41ykxsq/image/upload/v1745590990/cHJpdmF0ZS9sci9pbWFnZXMvd2Vic2l0ZS8yMDIzLTAxL3JtNjA5LXNvbGlkaWNvbi13LTAwMi1wLnBuZw-removebg-preview_myrmrf.png', 'atticus@gmail.com', '---', NULL, '2025-09-30 00:09:52', '2025-09-30 00:09:52', 'Oddysey', NULL, 'Atticus', NULL, NULL, NULL, NULL, NULL, NULL, NULL, NULL, NULL, NULL, NULL, NULL, NULL, 'Active', NULL, NULL),
(235, 67, '---', 'nave gamma', '----', 0, 'Concepcion', 5, 'https://res.cloudinary.com/dk41ykxsq/image/upload/v1749288962/testUpload/law0n3hfrlptwi9qsvl7.png', 'nave@gmail.com', '---', 'san', '2025-09-30 11:32:49', '2025-10-23 02:46:22', 'gamma', NULL, 'nave', NULL, 'Male', NULL, NULL, NULL, NULL, NULL, NULL, NULL, NULL, NULL, NULL, NULL, 'Active', 7, NULL),
(236, 68, '---', 'ainz ooal', '----', 0, 'Santo Angel', 6, 'https://res.cloudinary.com/dk41ykxsq/image/upload/v1749288962/testUpload/law0n3hfrlptwi9qsvl7.png', 'ainz@gmail.com', '63', 'ttt', '2025-09-30 11:48:48', '2025-10-01 02:40:23', 'ooal', NULL, 'ainz', NULL, 'Male', NULL, NULL, NULL, NULL, NULL, NULL, NULL, NULL, NULL, NULL, NULL, 'Active', NULL, NULL),
(237, 0, '---', 'toshinori - yagi', '----', 0, 'San Roque', 3, 'https://res.cloudinary.com/dk41ykxsq/image/upload/v1749288962/testUpload/law0n3hfrlptwi9qsvl7.png', 'toshinori@gmail.com', '123456789', 'San twstets', '2025-10-06 09:47:50', '2025-10-06 12:50:57', 'yagi', '-', 'toshinori', NULL, 'Male', NULL, NULL, NULL, NULL, NULL, NULL, NULL, NULL, NULL, NULL, NULL, 'Active', 7, NULL),
(238, 0, '---', 'pain nagato', '----', 0, 'San Diego', 1, 'https://res.cloudinary.com/dk41ykxsq/image/upload/v1759745073/user_rstauz.png', 'pain@gmail.com', '---', 'ujssj', '2025-10-15 13:07:23', '2025-10-15 13:07:23', 'nagato', NULL, 'pain', NULL, 'Male', NULL, NULL, NULL, NULL, 0, 0, 0, NULL, NULL, NULL, NULL, 'Active', 5, NULL);

-- --------------------------------------------------------

--
-- Table structure for table `farmer_yield`
--

CREATE TABLE `farmer_yield` (
  `id` int NOT NULL,
  `farmer_id` int NOT NULL,
  `product_id` int NOT NULL,
  `harvest_date` date NOT NULL,
  `created_at` timestamp NULL DEFAULT CURRENT_TIMESTAMP,
  `updated_at` timestamp NULL DEFAULT CURRENT_TIMESTAMP,
  `farm_id` int NOT NULL,
  `volume` decimal(10,0) NOT NULL,
  `notes` text COLLATE utf8mb4_general_ci,
  `Value` decimal(5,0) DEFAULT NULL,
  `images` longtext CHARACTER SET utf8mb4 COLLATE utf8mb4_bin,
  `status` varchar(255) COLLATE utf8mb4_general_ci DEFAULT 'Pending',
  `area_harvested` double DEFAULT NULL
) ENGINE=InnoDB DEFAULT CHARSET=utf8mb4 COLLATE=utf8mb4_general_ci;

--
-- Dumping data for table `farmer_yield`
--

INSERT INTO `farmer_yield` (`id`, `farmer_id`, `product_id`, `harvest_date`, `created_at`, `updated_at`, `farm_id`, `volume`, `notes`, `Value`, `images`, `status`, `area_harvested`) VALUES
(41, 210, 123, '2024-02-26', '2025-08-11 14:54:54', '2025-08-11 14:54:54', 8, 207, NULL, 3247, '[]', 'Accepted', 0.04),
(42, 210, 123, '2024-06-02', '2025-08-11 14:54:54', '2025-08-11 14:54:54', 8, 659, NULL, 7938, '[]', 'Accepted', 0.03),
(43, 210, 136, '2024-10-12', '2025-08-11 14:54:54', '2025-08-11 14:54:54', 8, 124, NULL, 3040, '[]', 'Accepted', 0.03),
(44, 210, 137, '2025-02-10', '2025-08-11 14:54:54', '2025-08-11 14:54:54', 8, 346, NULL, 3970, '[]', 'Accepted', 0.06),
(45, 210, 122, '2022-01-08', '2025-08-11 14:54:54', '2025-08-11 14:54:54', 8, 371, 'Excellent harvest', 4511, '[]', 'Accepted', 0.06),
(46, 210, 137, '2021-06-23', '2025-08-11 14:54:54', '2025-08-11 14:54:54', 8, 513, NULL, 3452, '[]', 'Accepted', 0.04),
(47, 210, 122, '2024-05-14', '2025-08-11 14:54:54', '2025-08-11 14:54:54', 8, 502, NULL, 5125, '[]', 'Accepted', 0.03),
(48, 210, 137, '2024-08-22', '2025-08-11 14:54:54', '2025-08-11 14:54:54', 8, 616, NULL, 9868, '[]', 'Accepted', 0.06),
(49, 210, 123, '2021-09-18', '2025-08-11 14:54:54', '2025-08-11 14:54:54', 8, 846, 'Average yield', 11705, '[]', 'Accepted', 0.04),
(50, 210, 136, '2024-12-21', '2025-08-11 14:54:54', '2025-08-11 14:54:54', 8, 27, 'Average yield', 298, '[]', 'Accepted', 0.04),
(51, 210, 122, '2023-06-25', '2025-08-11 14:54:54', '2025-08-11 14:54:54', 8, 225, 'Some pest damage', 4650, '[]', 'Accepted', 0.02),
(52, 210, 122, '2021-08-08', '2025-08-11 14:54:54', '2025-08-11 14:54:54', 8, 910, 'Some pest damage', 7230, '[]', 'Accepted', 0.04),
(53, 210, 137, '2021-11-30', '2025-08-11 14:54:54', '2025-08-11 14:54:54', 8, 638, 'Excellent harvest', 5405, '[]', 'Accepted', 0.02),
(54, 210, 137, '2023-12-31', '2025-08-11 14:54:54', '2025-08-11 14:54:54', 8, 300, NULL, 7504, '[]', 'Accepted', 0.05),
(55, 210, 136, '2023-04-25', '2025-08-11 14:54:54', '2025-08-11 14:54:54', 8, 985, 'Average yield', 17164, '[]', 'Accepted', 0.06),
(56, 210, 122, '2023-01-17', '2025-08-11 14:54:54', '2025-08-11 14:54:54', 8, 916, NULL, 22015, '[]', 'Accepted', 0.04),
(57, 210, 123, '2021-12-26', '2025-08-11 14:54:54', '2025-08-11 14:54:54', 8, 659, 'Average yield', 15323, '[]', 'Accepted', 0.02),
(58, 210, 123, '2023-09-17', '2025-08-11 14:54:54', '2025-08-11 14:54:54', 8, 721, 'Good quality', 17595, '[]', 'Accepted', 0.06),
(59, 210, 136, '2025-09-05', '2025-08-11 14:54:54', '2025-08-11 14:54:54', 8, 686, 'Some pest damage', 5526, '[]', 'Accepted', 0.05),
(60, 210, 122, '2022-01-14', '2025-08-11 14:54:54', '2025-08-11 14:54:54', 8, 719, NULL, 15632, '[]', 'Accepted', 0.06),
(61, 211, 123, '2025-01-21', '2025-08-11 14:55:24', '2025-08-11 14:55:24', 3, 196, NULL, 3045, '[]', 'Accepted', 0.06),
(62, 211, 136, '2025-03-09', '2025-08-11 14:55:24', '2025-08-11 14:55:24', 3, 773, NULL, 6369, '[]', 'Accepted', 0.05),
(63, 211, 137, '2025-08-19', '2025-08-11 14:55:24', '2025-08-11 14:55:24', 3, 775, NULL, 16235, '[]', 'Accepted', 0.05),
(64, 211, 122, '2023-05-01', '2025-08-11 14:55:24', '2025-08-11 14:55:24', 3, 75, NULL, 1823, '[]', 'Accepted', 0.03),
(65, 211, 137, '2023-12-03', '2025-08-11 14:55:24', '2025-08-11 14:55:24', 3, 916, NULL, 10332, '[]', 'Accepted', 0.06),
(66, 211, 137, '2025-05-17', '2025-08-11 14:55:24', '2025-08-11 14:55:24', 3, 452, NULL, 9218, '[]', 'Accepted', 0.03),
(67, 211, 123, '2022-03-09', '2025-08-11 14:55:24', '2025-08-11 14:55:24', 3, 598, 'Average yield', 8119, '[]', 'Accepted', 0.03),
(68, 211, 122, '2025-12-12', '2025-08-11 14:55:24', '2025-08-11 14:55:24', 3, 369, NULL, 7139, '[]', 'Accepted', 0.07),
(69, 211, 123, '2023-06-15', '2025-08-11 14:55:24', '2025-08-11 14:55:24', 3, 884, 'Some pest damage', 11895, '[]', 'Accepted', 0.04),
(70, 211, 123, '2025-08-08', '2025-08-11 14:55:24', '2025-08-11 14:55:24', 3, 419, NULL, 9343, '[]', 'Accepted', 0.01),
(71, 211, 122, '2025-05-22', '2025-08-11 14:55:24', '2025-08-11 14:55:24', 3, 479, NULL, 3552, '[]', 'Accepted', 0.03),
(72, 211, 136, '2023-05-31', '2025-08-11 14:55:24', '2025-08-11 14:55:24', 3, 437, NULL, 8139, '[]', 'Accepted', 0.05),
(73, 211, 122, '2024-08-07', '2025-08-11 14:55:24', '2025-08-11 14:55:24', 3, 232, 'Excellent harvest', 4781, '[]', 'Accepted', 0.02),
(74, 211, 123, '2022-02-18', '2025-08-11 14:55:24', '2025-08-11 14:55:24', 3, 911, 'Average yield', 12923, '[]', 'Accepted', 0.02),
(75, 211, 136, '2021-12-15', '2025-08-11 14:55:24', '2025-08-11 14:55:24', 3, 280, NULL, 2284, '[]', 'Accepted', 0.06),
(76, 211, 136, '2021-12-08', '2025-08-11 14:55:24', '2025-08-11 14:55:24', 3, 935, NULL, 10715, '[]', 'Accepted', 0.04),
(77, 211, 123, '2021-05-05', '2025-08-11 14:55:24', '2025-08-11 14:55:24', 3, 69, NULL, 999, '[]', 'Accepted', 0.04),
(78, 211, 122, '2023-06-03', '2025-08-11 14:55:24', '2025-08-11 14:55:24', 3, 548, NULL, 5540, '[]', 'Accepted', 0.04),
(79, 211, 137, '2021-12-07', '2025-08-11 14:55:24', '2025-08-11 14:55:24', 3, 96, 'Average yield', 1076, '[]', 'Accepted', 0.06),
(80, 211, 123, '2022-01-21', '2025-08-11 14:55:24', '2025-08-11 14:55:24', 3, 286, 'Good quality', 2262, '[]', 'Accepted', 0.06),
(81, 211, 137, '2025-03-22', '2025-08-11 14:55:24', '2025-08-11 14:55:24', 4, 2, NULL, 26, '[]', 'Accepted', 0.06),
(82, 211, 123, '2023-07-05', '2025-08-11 14:55:24', '2025-08-11 14:55:24', 4, 692, NULL, 12214, '[]', 'Accepted', 0.05),
(83, 211, 123, '2023-02-03', '2025-08-11 14:55:24', '2025-08-11 14:55:24', 4, 824, NULL, 5572, '[]', 'Accepted', 0.02),
(84, 211, 123, '2023-07-15', '2025-08-11 14:55:24', '2025-08-11 14:55:24', 4, 505, 'Good quality', 4778, '[]', 'Accepted', 0.01),
(85, 211, 136, '2024-11-13', '2025-08-11 14:55:24', '2025-08-11 14:55:24', 4, 866, 'Good quality', 9803, '[]', 'Accepted', 0.02),
(86, 211, 123, '2023-01-24', '2025-08-11 14:55:24', '2025-08-11 14:55:24', 4, 460, 'Average yield', 3146, '[]', 'Accepted', 0.04),
(87, 211, 122, '2021-07-18', '2025-08-11 14:55:24', '2025-08-11 14:55:24', 4, 36, NULL, 702, '[]', 'Accepted', 0.04),
(88, 211, 137, '2024-05-14', '2025-08-11 14:55:24', '2025-08-11 14:55:24', 4, 609, NULL, 13323, '[]', 'Accepted', 0.02),
(89, 211, 123, '2024-05-20', '2025-08-11 14:55:24', '2025-08-11 14:55:24', 4, 223, 'Excellent harvest', 3279, '[]', 'Accepted', 0.04),
(90, 211, 123, '2024-07-03', '2025-08-11 14:55:24', '2025-08-11 14:55:24', 4, 799, 'Some pest damage', 13701, '[]', 'Accepted', 0.03),
(91, 211, 136, '2024-05-27', '2025-08-11 14:55:24', '2025-08-11 14:55:24', 4, 138, 'Good quality', 1741, '[]', 'Accepted', 0.02),
(92, 211, 136, '2025-04-04', '2025-08-11 14:55:24', '2025-08-11 14:55:24', 4, 398, NULL, 6927, '[]', 'Accepted', 0.04),
(93, 211, 123, '2022-02-07', '2025-08-11 14:55:24', '2025-08-11 14:55:24', 4, 340, NULL, 4490, '[]', 'Accepted', 0.05),
(94, 211, 122, '2025-07-06', '2025-08-11 14:55:24', '2025-08-11 14:55:24', 4, 872, NULL, 4641, '[]', 'Accepted', 0.06),
(95, 211, 122, '2021-08-12', '2025-08-11 14:55:24', '2025-08-11 14:55:24', 4, 816, 'Average yield', 4594, '[]', 'Accepted', 0.02),
(96, 211, 123, '2022-02-19', '2025-08-11 14:55:24', '2025-08-11 14:55:24', 4, 172, NULL, 3818, '[]', 'Accepted', 0.04),
(97, 211, 122, '2024-12-24', '2025-08-11 14:55:24', '2025-08-11 14:55:24', 4, 676, NULL, 8433, '[]', 'Accepted', 0.05),
(98, 211, 122, '2021-02-13', '2025-08-11 14:55:24', '2025-08-11 14:55:24', 4, 97, NULL, 1290, '[]', 'Accepted', 0.05),
(99, 211, 137, '2024-04-25', '2025-08-11 14:55:24', '2025-08-11 14:55:24', 4, 467, 'Some pest damage', 9167, '[]', 'Accepted', 0.03),
(100, 211, 123, '2025-10-08', '2025-08-11 14:55:24', '2025-08-11 14:55:24', 4, 970, 'Average yield', 20133, '[]', 'Accepted', 0.01),
(101, 211, 122, '2022-08-24', '2025-08-11 14:55:24', '2025-08-11 14:55:24', 5, 185, NULL, 3833, '[]', 'Accepted', 0.06),
(102, 211, 137, '2024-08-05', '2025-08-11 14:55:24', '2025-08-11 14:55:24', 5, 363, NULL, 5792, '[]', 'Accepted', 0.06),
(103, 211, 123, '2022-09-06', '2025-08-11 14:55:24', '2025-08-11 14:55:24', 5, 102, NULL, 980, '[]', 'Accepted', 0.02),
(104, 211, 122, '2023-01-19', '2025-08-11 14:55:24', '2025-08-11 14:55:24', 5, 428, NULL, 7617, '[]', 'Accepted', 0.02),
(105, 211, 136, '2021-09-16', '2025-08-11 14:55:24', '2025-08-11 14:55:24', 5, 327, NULL, 2171, '[]', 'Accepted', 0.03),
(106, 211, 122, '2021-07-02', '2025-08-11 14:55:24', '2025-08-11 14:55:24', 5, 251, NULL, 5391, '[]', 'Accepted', 0.03),
(107, 211, 136, '2024-05-15', '2025-08-11 14:55:24', '2025-08-11 14:55:24', 5, 588, 'Excellent harvest', 9381, '[]', 'Accepted', 0.04),
(108, 211, 137, '2024-12-25', '2025-08-11 14:55:24', '2025-08-11 14:55:24', 5, 5, NULL, 27, '[]', 'Accepted', 0.05),
(109, 211, 122, '2024-10-04', '2025-08-11 14:55:24', '2025-08-11 14:55:24', 5, 267, 'Good quality', 3537, '[]', 'Accepted', 0.02),
(110, 211, 136, '2024-07-04', '2025-08-11 14:55:24', '2025-08-11 14:55:24', 5, 530, NULL, 6293, '[]', 'Accepted', 0.01),
(111, 211, 136, '2021-08-02', '2025-08-11 14:55:24', '2025-08-11 14:55:24', 5, 731, NULL, 9723, '[]', 'Accepted', 0.03),
(112, 211, 122, '2022-07-25', '2025-08-11 14:55:24', '2025-08-11 14:55:24', 5, 778, NULL, 8539, '[]', 'Accepted', 0.06),
(113, 211, 136, '2023-10-02', '2025-08-11 14:55:24', '2025-08-11 14:55:24', 5, 33, NULL, 523, '[]', 'Accepted', 0.05),
(114, 211, 137, '2025-11-22', '2025-08-11 14:55:24', '2025-08-11 14:55:24', 5, 869, NULL, 12177, '[]', 'Accepted', 0.04),
(115, 211, 122, '2023-10-20', '2025-08-11 14:55:24', '2025-08-11 14:55:24', 5, 47, NULL, 1144, '[]', 'Accepted', 0.06),
(116, 211, 122, '2023-03-02', '2025-08-11 14:55:24', '2025-08-11 14:55:24', 5, 533, NULL, 9968, '[]', 'Accepted', 0.04),
(117, 211, 122, '2024-09-30', '2025-08-11 14:55:24', '2025-08-11 14:55:24', 5, 343, 'Some pest damage', 6142, '[]', 'Accepted', 0.02),
(118, 211, 123, '2022-02-25', '2025-08-11 14:55:24', '2025-08-11 14:55:24', 5, 113, 'Good quality', 1930, '[]', 'Accepted', 0.04),
(119, 211, 122, '2024-07-20', '2025-08-11 14:55:24', '2025-08-11 14:55:24', 5, 828, NULL, 12379, '[]', 'Accepted', 0.03),
(120, 211, 123, '2025-02-18', '2025-08-11 14:55:24', '2025-08-11 14:55:24', 5, 877, NULL, 9968, '[]', 'Accepted', 0.03),
(121, 212, 123, '2021-12-23', '2025-08-11 14:55:29', '2025-08-11 14:55:29', 1, 785, 'Some pest damage', 18810, '[]', 'Accepted', 0.03),
(122, 212, 136, '2024-11-26', '2025-08-11 14:55:29', '2025-08-11 14:55:29', 1, 40, NULL, 224, '[]', 'Accepted', 0.01),
(123, 212, 137, '2024-01-20', '2025-08-11 14:55:29', '2025-08-11 14:55:29', 1, 987, NULL, 5812, '[]', 'Accepted', 0.03),
(124, 212, 122, '2025-05-04', '2025-08-11 14:55:29', '2025-08-11 14:55:29', 1, 405, NULL, 8617, '[]', 'Accepted', 0.05),
(125, 212, 136, '2025-10-26', '2025-08-11 14:55:29', '2025-08-11 14:55:29', 1, 707, NULL, 4578, '[]', 'Accepted', 0.03),
(126, 212, 137, '2021-02-09', '2025-08-11 14:55:29', '2025-08-11 14:55:29', 1, 794, NULL, 8674, '[]', 'Accepted', 0.03),
(127, 212, 123, '2022-04-27', '2025-08-11 14:55:29', '2025-08-11 14:55:29', 1, 702, NULL, 4180, '[]', 'Accepted', 0.02),
(128, 212, 136, '2022-02-05', '2025-08-11 14:55:29', '2025-08-11 14:55:29', 1, 889, 'Good quality', 21089, '[]', 'Accepted', 0.03),
(129, 212, 123, '2023-09-26', '2025-08-11 14:55:29', '2025-08-11 14:55:29', 1, 258, 'Average yield', 4481, '[]', 'Accepted', 0.03),
(130, 212, 122, '2025-12-20', '2025-08-11 14:55:29', '2025-08-11 14:55:29', 1, 493, 'Good quality', 7695, '[]', 'Accepted', 0.03),
(131, 212, 136, '2025-07-08', '2025-08-11 14:55:29', '2025-08-11 14:55:29', 1, 299, 'Excellent harvest', 5090, '[]', 'Accepted', 0.03),
(132, 212, 122, '2022-11-14', '2025-08-11 14:55:29', '2025-08-11 14:55:29', 1, 502, NULL, 9418, '[]', 'Accepted', 0.06),
(133, 212, 136, '2024-11-15', '2025-08-11 14:55:29', '2025-08-11 14:55:29', 1, 211, NULL, 2529, '[]', 'Accepted', 0.04),
(134, 212, 122, '2024-04-08', '2025-08-11 14:55:29', '2025-08-11 14:55:29', 1, 36, NULL, 318, '[]', 'Accepted', 0.06),
(135, 212, 122, '2025-03-08', '2025-08-11 14:55:29', '2025-08-11 14:55:29', 1, 855, NULL, 8159, '[]', 'Accepted', 0.03),
(136, 212, 122, '2021-10-19', '2025-08-11 14:55:29', '2025-08-11 14:55:29', 1, 578, NULL, 3542, '[]', 'Accepted', 0.02),
(137, 212, 137, '2023-06-09', '2025-08-11 14:55:29', '2025-08-11 14:55:29', 1, 268, NULL, 4689, '[]', 'Accepted', 0.04),
(138, 212, 123, '2022-08-21', '2025-08-11 14:55:29', '2025-08-11 14:55:29', 1, 217, NULL, 2988, '[]', 'Accepted', 0.04),
(139, 212, 123, '2021-01-22', '2025-08-11 14:55:29', '2025-08-11 14:55:29', 1, 491, NULL, 4759, '[]', 'Accepted', 0.06),
(140, 212, 123, '2025-11-10', '2025-08-11 14:55:29', '2025-08-11 14:55:29', 1, 696, NULL, 7766, '[]', 'Accepted', 0.04),
(141, 212, 122, '2021-04-25', '2025-08-11 14:55:29', '2025-08-11 14:55:29', 2, 559, 'Some pest damage', 6800, '[]', 'Accepted', 0.03),
(142, 212, 136, '2022-03-09', '2025-08-11 14:55:29', '2025-08-11 14:55:29', 2, 637, 'Some pest damage', 8542, '[]', 'Accepted', 0.02),
(143, 212, 123, '2021-02-27', '2025-08-11 14:55:29', '2025-08-11 14:55:29', 2, 776, 'Excellent harvest', 7862, '[]', 'Accepted', 0.07),
(144, 212, 122, '2025-02-06', '2025-08-11 14:55:29', '2025-08-11 14:55:29', 2, 437, NULL, 5914, '[]', 'Accepted', 0.04),
(145, 212, 123, '2025-06-04', '2025-08-11 14:55:29', '2025-08-11 14:55:29', 2, 12, 'Excellent harvest', 293, '[]', 'Accepted', 0.02),
(146, 212, 136, '2024-07-17', '2025-08-11 14:55:29', '2025-08-11 14:55:29', 2, 381, NULL, 5064, '[]', 'Accepted', 0.08),
(147, 212, 122, '2024-12-13', '2025-08-11 14:55:29', '2025-08-11 14:55:29', 2, 681, 'Some pest damage', 8263, '[]', 'Accepted', 0.07),
(148, 212, 137, '2025-07-11', '2025-08-11 14:55:29', '2025-08-11 14:55:29', 2, 768, NULL, 17383, '[]', 'Accepted', 0.04),
(149, 212, 137, '2025-04-02', '2025-08-11 14:55:29', '2025-08-11 14:55:29', 2, 219, NULL, 4244, '[]', 'Accepted', 0.02),
(150, 212, 122, '2025-04-25', '2025-08-11 14:55:29', '2025-08-11 14:55:29', 2, 604, NULL, 5770, '[]', 'Accepted', 0.02),
(151, 212, 122, '2023-09-01', '2025-08-11 14:55:29', '2025-08-11 14:55:29', 2, 529, NULL, 12030, '[]', 'Accepted', 0.02),
(152, 212, 136, '2021-12-15', '2025-08-11 14:55:30', '2025-08-11 14:55:30', 2, 897, NULL, 20411, '[]', 'Accepted', 0.03),
(153, 212, 123, '2023-08-20', '2025-08-11 14:55:30', '2025-08-11 14:55:30', 2, 811, 'Average yield', 15363, '[]', 'Accepted', 0.07),
(154, 212, 122, '2021-02-07', '2025-08-11 14:55:30', '2025-08-11 14:55:30', 2, 580, NULL, 8203, '[]', 'Accepted', 0.04),
(155, 212, 137, '2025-08-12', '2025-08-11 14:55:30', '2025-08-11 14:55:30', 2, 323, 'Average yield', 6006, '[]', 'Accepted', 0.05),
(156, 212, 136, '2024-04-23', '2025-08-11 14:55:30', '2025-08-11 14:55:30', 2, 658, NULL, 13391, '[]', 'Accepted', 0.04),
(157, 212, 123, '2024-04-16', '2025-08-11 14:55:30', '2025-08-11 14:55:30', 2, 976, NULL, 22482, '[]', 'Accepted', 0.04),
(158, 212, 123, '2024-07-13', '2025-08-11 14:55:30', '2025-08-11 14:55:30', 2, 549, 'Good quality', 4088, '[]', 'Accepted', 0.06),
(159, 212, 122, '2025-07-31', '2025-08-11 14:55:30', '2025-08-11 14:55:30', 2, 234, 'Good quality', 4788, '[]', 'Accepted', 0.01),
(160, 212, 123, '2022-12-08', '2025-08-11 14:55:30', '2025-08-11 14:55:30', 2, 792, NULL, 5531, '[]', 'Accepted', 0.05),
(161, 213, 123, '2022-08-06', '2025-08-11 14:55:36', '2025-08-11 14:55:36', 9, 881, NULL, 6455, '[]', 'Accepted', 0.03),
(162, 213, 137, '2022-03-01', '2025-08-11 14:55:36', '2025-08-11 14:55:36', 9, 845, NULL, 12413, '[]', 'Accepted', 0.02),
(163, 213, 123, '2023-09-25', '2025-08-11 14:55:36', '2025-08-11 14:55:36', 9, 97, NULL, 958, '[]', 'Accepted', 0.03),
(164, 213, 122, '2025-02-18', '2025-08-11 14:55:36', '2025-08-11 14:55:36', 9, 358, 'Average yield', 3020, '[]', 'Accepted', 0.01),
(165, 213, 122, '2021-05-04', '2025-08-11 14:55:36', '2025-08-11 14:55:36', 9, 522, 'Good quality', 9558, '[]', 'Accepted', 0.02),
(166, 213, 136, '2021-04-02', '2025-08-11 14:55:36', '2025-08-11 14:55:36', 9, 854, NULL, 7925, '[]', 'Accepted', 0.04),
(167, 213, 123, '2025-11-30', '2025-08-11 14:55:36', '2025-08-11 14:55:36', 9, 195, NULL, 4424, '[]', 'Accepted', 0.04),
(168, 213, 137, '2022-02-25', '2025-08-11 14:55:36', '2025-08-11 14:55:36', 9, 757, NULL, 9433, '[]', 'Accepted', 0.01),
(169, 213, 122, '2021-07-27', '2025-08-11 14:55:36', '2025-08-11 14:55:36', 9, 717, NULL, 12168, '[]', 'Accepted', 0.02),
(170, 213, 137, '2025-12-12', '2025-08-11 14:55:36', '2025-08-11 14:55:36', 9, 275, NULL, 4766, '[]', 'Accepted', 0.02),
(171, 213, 122, '2024-06-17', '2025-08-11 14:55:36', '2025-08-11 14:55:36', 9, 411, NULL, 8236, '[]', 'Accepted', 0.05),
(172, 213, 136, '2024-09-12', '2025-08-11 14:55:36', '2025-08-11 14:55:36', 9, 380, 'Excellent harvest', 5572, '[]', 'Accepted', 0.06),
(173, 213, 136, '2022-12-08', '2025-08-11 14:55:37', '2025-08-11 14:55:37', 9, 382, NULL, 4439, '[]', 'Accepted', 0.03),
(174, 213, 136, '2021-12-09', '2025-08-11 14:55:37', '2025-08-11 14:55:37', 9, 688, 'Some pest damage', 6115, '[]', 'Accepted', 0.03),
(175, 213, 122, '2023-11-11', '2025-08-11 14:55:37', '2025-08-11 14:55:37', 9, 614, NULL, 7298, '[]', 'Accepted', 0.03),
(176, 213, 136, '2023-05-02', '2025-08-11 14:55:37', '2025-08-11 14:55:37', 9, 77, 'Excellent harvest', 1760, '[]', 'Accepted', 0.06),
(177, 213, 122, '2022-10-18', '2025-08-11 14:55:37', '2025-08-11 14:55:37', 9, 734, NULL, 12943, '[]', 'Accepted', 0.04),
(178, 213, 137, '2025-03-20', '2025-08-11 14:55:37', '2025-08-11 14:55:37', 9, 619, NULL, 14570, '[]', 'Accepted', 0.04),
(179, 213, 123, '2021-01-22', '2025-08-11 14:55:37', '2025-08-11 14:55:37', 9, 774, NULL, 10783, '[]', 'Accepted', 0.01),
(180, 213, 136, '2023-09-03', '2025-08-11 14:55:37', '2025-08-11 14:55:37', 9, 81, 'Some pest damage', 603, '[]', 'Accepted', 0.03),
(181, 213, 122, '2024-09-08', '2025-08-11 14:55:37', '2025-08-11 14:55:37', 10, 9, NULL, 90, '[]', 'Accepted', 0.03),
(182, 213, 122, '2024-10-02', '2025-08-11 14:55:37', '2025-08-11 14:55:37', 10, 249, NULL, 6147, '[]', 'Accepted', 0.02),
(183, 213, 122, '2023-02-06', '2025-08-11 14:55:37', '2025-08-11 14:55:37', 10, 43, NULL, 731, '[]', 'Accepted', 0.02),
(184, 213, 137, '2021-06-06', '2025-08-11 14:55:37', '2025-08-11 14:55:37', 10, 213, NULL, 4752, '[]', 'Accepted', 0.03),
(185, 213, 137, '2024-10-19', '2025-08-11 14:55:37', '2025-08-11 14:55:37', 10, 151, NULL, 1104, '[]', 'Accepted', 0.05),
(186, 213, 136, '2024-08-18', '2025-08-11 14:55:37', '2025-08-11 14:55:37', 10, 795, 'Excellent harvest', 17872, '[]', 'Accepted', 0.04),
(187, 213, 122, '2023-09-24', '2025-08-11 14:55:37', '2025-08-11 14:55:37', 10, 977, NULL, 19576, '[]', 'Accepted', 0.04),
(188, 213, 122, '2024-11-21', '2025-08-11 14:55:37', '2025-08-11 14:55:37', 10, 302, NULL, 6411, '[]', 'Accepted', 0.04),
(189, 213, 123, '2023-10-20', '2025-08-11 14:55:37', '2025-08-11 14:55:37', 10, 680, NULL, 6133, '[]', 'Accepted', 0.03),
(190, 213, 137, '2025-10-03', '2025-08-11 14:55:37', '2025-08-11 14:55:37', 10, 229, NULL, 3344, '[]', 'Accepted', 0.04),
(191, 213, 123, '2022-06-25', '2025-08-11 14:55:37', '2025-08-11 14:55:37', 10, 839, 'Excellent harvest', 15077, '[]', 'Accepted', 0.06),
(192, 213, 122, '2023-06-17', '2025-08-11 14:55:37', '2025-08-11 14:55:37', 10, 300, NULL, 3626, '[]', 'Accepted', 0.06),
(193, 213, 123, '2023-02-16', '2025-08-11 14:55:37', '2025-08-11 14:55:37', 10, 905, NULL, 14657, '[]', 'Accepted', 0.04),
(194, 213, 136, '2022-07-23', '2025-08-11 14:55:37', '2025-08-11 14:55:37', 10, 331, 'Some pest damage', 2041, '[]', 'Accepted', 0.02),
(195, 213, 123, '2023-03-08', '2025-08-11 14:55:37', '2025-08-11 14:55:37', 10, 130, NULL, 3057, '[]', 'Accepted', 0.02),
(196, 213, 136, '2023-11-14', '2025-08-11 14:55:37', '2025-08-11 14:55:37', 10, 784, NULL, 19095, '[]', 'Accepted', 0.01),
(197, 213, 136, '2024-05-10', '2025-08-11 14:55:37', '2025-08-11 14:55:37', 10, 869, 'Good quality', 9322, '[]', 'Accepted', 0.04),
(198, 213, 136, '2022-10-20', '2025-08-11 14:55:37', '2025-08-11 14:55:37', 10, 281, NULL, 4262, '[]', 'Accepted', 0.04),
(199, 213, 123, '2024-07-31', '2025-08-11 14:55:37', '2025-08-11 14:55:37', 10, 339, NULL, 6403, '[]', 'Accepted', 0.04),
(200, 213, 137, '2024-11-11', '2025-08-11 14:55:37', '2025-08-11 14:55:37', 10, 674, NULL, 5086, '[]', 'Accepted', 0.03),
(201, 214, 122, '2021-05-02', '2025-08-11 14:55:45', '2025-08-11 14:55:45', 11, 279, NULL, 5829, '[]', 'Accepted', 0.01),
(202, 214, 123, '2021-01-19', '2025-08-11 14:55:45', '2025-08-11 14:55:45', 11, 543, NULL, 6412, '[]', 'Accepted', 0.04),
(203, 214, 136, '2024-03-04', '2025-08-11 14:55:45', '2025-08-11 14:55:45', 11, 969, NULL, 8156, '[]', 'Accepted', 0.02),
(204, 214, 123, '2021-03-04', '2025-08-11 14:55:45', '2025-08-11 14:55:45', 11, 924, NULL, 5206, '[]', 'Accepted', 0.02),
(205, 214, 137, '2023-04-18', '2025-08-11 14:55:45', '2025-08-11 14:55:45', 11, 184, NULL, 1884, '[]', 'Accepted', 0.02),
(206, 214, 122, '2021-11-14', '2025-08-11 14:55:45', '2025-08-11 14:55:45', 11, 587, NULL, 5387, '[]', 'Accepted', 0.03),
(207, 214, 137, '2024-03-07', '2025-08-11 14:55:45', '2025-08-11 14:55:45', 11, 172, 'Some pest damage', 2810, '[]', 'Accepted', 0.03),
(208, 214, 122, '2021-01-10', '2025-08-11 14:55:45', '2025-08-11 14:55:45', 11, 769, 'Average yield', 11139, '[]', 'Accepted', 0.04),
(209, 214, 123, '2024-01-17', '2025-08-11 14:55:45', '2025-08-11 14:55:45', 11, 966, 'Excellent harvest', 8230, '[]', 'Accepted', 0.03),
(210, 214, 123, '2024-06-25', '2025-08-11 14:55:45', '2025-08-11 14:55:45', 11, 754, NULL, 5099, '[]', 'Accepted', 0.04),
(211, 214, 137, '2024-11-08', '2025-08-11 14:55:45', '2025-08-11 14:55:45', 11, 403, 'Good quality', 8486, '[]', 'Accepted', 0.03),
(212, 214, 123, '2022-03-15', '2025-08-11 14:55:45', '2025-08-11 14:55:45', 11, 882, 'Some pest damage', 21708, '[]', 'Accepted', 0.02),
(213, 214, 122, '2024-02-08', '2025-08-11 14:55:45', '2025-08-11 14:55:45', 11, 466, NULL, 10563, '[]', 'Accepted', 0.02),
(214, 214, 136, '2025-10-13', '2025-08-11 14:55:45', '2025-08-11 14:55:45', 11, 654, NULL, 12115, '[]', 'Accepted', 0.02),
(215, 214, 136, '2021-09-18', '2025-08-11 14:55:45', '2025-08-11 14:55:45', 11, 500, NULL, 4815, '[]', 'Accepted', 0.04),
(216, 214, 137, '2024-11-01', '2025-08-11 14:55:45', '2025-08-11 14:55:45', 11, 749, NULL, 10308, '[]', 'Accepted', 0.03),
(217, 214, 136, '2021-02-16', '2025-08-11 14:55:45', '2025-08-11 14:55:45', 11, 713, 'Good quality', 16529, '[]', 'Accepted', 0.03),
(218, 214, 122, '2022-05-26', '2025-08-11 14:55:45', '2025-08-11 14:55:45', 11, 634, NULL, 8077, '[]', 'Accepted', 0.01),
(219, 214, 122, '2021-04-07', '2025-08-11 14:55:45', '2025-08-11 14:55:45', 11, 313, 'Some pest damage', 5707, '[]', 'Accepted', 0.02),
(220, 214, 137, '2021-06-10', '2025-08-11 14:55:45', '2025-08-11 14:55:45', 11, 481, 'Excellent harvest', 4590, '[]', 'Accepted', 0.02),
(221, 214, 136, '2024-11-15', '2025-08-11 14:55:45', '2025-08-11 14:55:45', 12, 601, 'Some pest damage', 3222, '[]', 'Accepted', 0.02),
(222, 214, 136, '2025-01-13', '2025-08-11 14:55:45', '2025-08-11 14:55:45', 12, 887, NULL, 15476, '[]', 'Accepted', 0.05),
(223, 214, 122, '2024-06-14', '2025-08-11 14:55:45', '2025-08-11 14:55:45', 12, 597, NULL, 14085, '[]', 'Accepted', 0.02),
(224, 214, 137, '2025-03-27', '2025-08-11 14:55:45', '2025-08-11 14:55:45', 12, 407, 'Excellent harvest', 5565, '[]', 'Accepted', 0.04),
(225, 214, 137, '2021-10-26', '2025-08-11 14:55:45', '2025-08-11 14:55:45', 12, 285, NULL, 4489, '[]', 'Accepted', 0.01),
(226, 214, 123, '2022-12-17', '2025-08-11 14:55:45', '2025-08-11 14:55:45', 12, 849, NULL, 7787, '[]', 'Accepted', 0.05),
(227, 214, 136, '2023-03-05', '2025-08-11 14:55:45', '2025-08-11 14:55:45', 12, 293, 'Average yield', 3880, '[]', 'Accepted', 0.06),
(228, 214, 137, '2024-12-09', '2025-08-11 14:55:45', '2025-08-11 14:55:45', 12, 791, NULL, 10975, '[]', 'Accepted', 0.01),
(229, 214, 122, '2022-10-21', '2025-08-11 14:55:45', '2025-08-11 14:55:45', 12, 470, NULL, 8931, '[]', 'Accepted', 0.07),
(230, 214, 122, '2023-12-25', '2025-08-11 14:55:45', '2025-08-11 14:55:45', 12, 383, 'Excellent harvest', 4704, '[]', 'Accepted', 0.02),
(231, 214, 136, '2021-08-08', '2025-08-11 14:55:45', '2025-08-11 14:55:45', 12, 354, 'Some pest damage', 2690, '[]', 'Accepted', 0.03),
(232, 214, 123, '2025-07-20', '2025-08-11 14:55:45', '2025-08-11 14:55:45', 12, 341, NULL, 1735, '[]', 'Accepted', 0.04),
(233, 214, 123, '2025-12-16', '2025-08-11 14:55:45', '2025-08-11 14:55:45', 12, 265, NULL, 3101, '[]', 'Accepted', 0.04),
(234, 214, 123, '2023-10-19', '2025-08-11 14:55:45', '2025-08-11 14:55:45', 12, 420, NULL, 2841, '[]', 'Accepted', 0.06),
(235, 214, 137, '2021-05-19', '2025-08-11 14:55:45', '2025-08-11 14:55:45', 12, 367, NULL, 2781, '[]', 'Accepted', 0.04),
(236, 214, 137, '2023-02-08', '2025-08-11 14:55:45', '2025-08-11 14:55:45', 12, 855, 'Excellent harvest', 18178, '[]', 'Accepted', 0.01),
(237, 214, 136, '2023-04-15', '2025-08-11 14:55:45', '2025-08-11 14:55:45', 12, 522, NULL, 8545, '[]', 'Accepted', 0.05),
(238, 214, 123, '2025-01-21', '2025-08-11 14:55:45', '2025-08-11 14:55:45', 12, 870, NULL, 17540, '[]', 'Accepted', 0.02),
(239, 214, 136, '2021-07-15', '2025-08-11 14:55:45', '2025-08-11 14:55:45', 12, 393, NULL, 3128, '[]', 'Accepted', 0.03),
(240, 214, 123, '2023-02-28', '2025-08-11 14:55:45', '2025-08-11 14:55:45', 12, 181, 'Some pest damage', 2520, '[]', 'Accepted', 0.03),
(241, 215, 137, '2023-09-21', '2025-08-11 14:55:50', '2025-08-11 14:55:50', 13, 639, NULL, 4020, '[]', 'Accepted', 0.04),
(242, 215, 122, '2023-04-01', '2025-08-11 14:55:50', '2025-08-11 14:55:50', 13, 988, NULL, 10109, '[]', 'Accepted', 0.03),
(243, 215, 123, '2022-07-15', '2025-08-11 14:55:50', '2025-08-11 14:55:50', 13, 572, NULL, 9363, '[]', 'Accepted', 0.02),
(244, 215, 137, '2024-06-26', '2025-08-11 14:55:50', '2025-08-11 14:55:50', 13, 747, NULL, 17357, '[]', 'Accepted', 0.03),
(245, 215, 122, '2023-08-03', '2025-08-11 14:55:50', '2025-08-11 14:55:50', 13, 524, NULL, 10730, '[]', 'Accepted', 0.03),
(246, 215, 123, '2025-06-01', '2025-08-11 14:55:50', '2025-08-11 14:55:50', 13, 594, NULL, 8675, '[]', 'Accepted', 0.03),
(247, 215, 123, '2025-04-15', '2025-08-11 14:55:50', '2025-08-11 14:55:50', 13, 845, NULL, 5693, '[]', 'Accepted', 0.04),
(248, 215, 137, '2024-01-12', '2025-08-11 14:55:50', '2025-08-11 14:55:50', 13, 655, NULL, 4890, '[]', 'Accepted', 0.04),
(249, 215, 123, '2021-08-19', '2025-08-11 14:55:50', '2025-08-11 14:55:50', 13, 710, NULL, 13385, '[]', 'Accepted', 0.05),
(250, 215, 123, '2022-09-19', '2025-08-11 14:55:50', '2025-08-11 14:55:50', 13, 539, 'Average yield', 8241, '[]', 'Accepted', 0.03),
(251, 215, 136, '2025-09-17', '2025-08-11 14:55:50', '2025-08-11 14:55:50', 13, 183, 'Good quality', 1680, '[]', 'Accepted', 0.05),
(252, 215, 122, '2025-01-22', '2025-08-11 14:55:50', '2025-08-11 14:55:50', 13, 128, 'Good quality', 1982, '[]', 'Accepted', 0.02),
(253, 215, 122, '2022-09-10', '2025-08-11 14:55:50', '2025-08-11 14:55:50', 13, 997, NULL, 9834, '[]', 'Accepted', 0.03),
(254, 215, 123, '2022-05-17', '2025-08-11 14:55:50', '2025-08-11 14:55:50', 13, 646, NULL, 8664, '[]', 'Accepted', 0.04),
(255, 215, 136, '2022-12-14', '2025-08-11 14:55:50', '2025-08-11 14:55:50', 13, 132, NULL, 2497, '[]', 'Accepted', 0.04),
(256, 215, 136, '2023-06-08', '2025-08-11 14:55:50', '2025-08-11 14:55:50', 13, 882, NULL, 18004, '[]', 'Accepted', 0.05),
(257, 215, 137, '2024-03-25', '2025-08-11 14:55:50', '2025-08-11 14:55:50', 13, 131, 'Average yield', 2728, '[]', 'Accepted', 0.03),
(258, 215, 136, '2024-10-20', '2025-08-11 14:55:50', '2025-08-11 14:55:50', 13, 985, 'Good quality', 9805, '[]', 'Accepted', 0.05),
(259, 215, 137, '2024-04-07', '2025-08-11 14:55:50', '2025-08-11 14:55:50', 13, 835, 'Good quality', 9356, '[]', 'Accepted', 0.02),
(260, 215, 136, '2022-05-26', '2025-08-11 14:55:50', '2025-08-11 14:55:50', 13, 350, NULL, 8264, '[]', 'Accepted', 0.04),
(261, 216, 131, '2022-03-11', '2025-08-11 14:55:56', '2025-08-11 14:55:56', 14, 520, NULL, 9544, '[]', 'Accepted', 0.94),
(263, 216, 131, '2022-08-02', '2025-08-11 14:55:56', '2025-08-11 14:55:56', 14, 329, NULL, 7597, '[]', 'Accepted', 1.18),
(265, 216, 138, '2022-10-04', '2025-08-11 14:55:56', '2025-08-11 14:55:56', 14, 70, NULL, 437, '[]', 'Accepted', 1.16),
(266, 216, 138, '2023-06-15', '2025-08-11 14:55:56', '2025-08-11 14:55:56', 14, 861, 'Some pest damage', 9430, '[]', 'Accepted', 0.82),
(267, 216, 138, '2022-06-27', '2025-08-11 14:55:56', '2025-08-11 14:55:56', 14, 886, NULL, 21868, '[]', 'Accepted', 0.83),
(270, 216, 135, '2024-01-13', '2025-08-11 14:55:56', '2025-08-11 14:55:56', 14, 469, NULL, 2419, '[]', 'Accepted', 0.88),
(271, 216, 135, '2025-12-26', '2025-08-11 14:55:56', '2025-08-11 14:55:56', 14, 778, NULL, 16733, '[]', 'Accepted', 0.49),
(273, 216, 130, '2021-07-10', '2025-08-11 14:55:56', '2025-08-11 14:55:56', 14, 829, 'Excellent harvest', 18290, '[]', 'Accepted', 0.19),
(274, 216, 135, '2025-04-17', '2025-08-11 14:55:56', '2025-08-11 14:55:56', 14, 824, 'Excellent harvest', 8739, '[]', 'Accepted', 0.77),
(275, 216, 131, '2022-10-12', '2025-08-11 14:55:56', '2025-08-11 14:55:56', 14, 494, NULL, 12144, '[]', 'Accepted', 1.11),
(277, 216, 138, '2023-03-14', '2025-08-11 14:55:56', '2025-08-11 14:55:56', 14, 469, 'Some pest damage', 9606, '[]', 'Accepted', 1.02),
(279, 216, 131, '2021-03-25', '2025-08-11 14:55:56', '2025-08-11 14:55:56', 14, 789, NULL, 17327, '[]', 'Accepted', 0.65),
(280, 216, 131, '2023-07-17', '2025-08-11 14:55:56', '2025-08-11 14:55:56', 14, 529, NULL, 9132, '[]', 'Accepted', 0.47),
(281, 216, 138, '2021-03-17', '2025-08-11 14:55:56', '2025-08-11 14:55:56', 15, 559, NULL, 6579, '[]', 'Accepted', 0.72),
(282, 216, 130, '2024-02-26', '2025-08-11 14:55:56', '2025-08-11 14:55:56', 15, 614, 'Some pest damage', 9359, '[]', 'Accepted', 0.32),
(284, 216, 131, '2024-01-10', '2025-08-11 14:55:56', '2025-08-11 14:55:56', 15, 443, 'Excellent harvest', 4391, '[]', 'Accepted', 0.62),
(285, 216, 138, '2021-11-01', '2025-08-11 14:55:56', '2025-08-11 14:55:56', 15, 690, NULL, 7030, '[]', 'Accepted', 0.27),
(287, 216, 135, '2022-01-16', '2025-08-11 14:55:56', '2025-08-11 14:55:56', 15, 721, 'Excellent harvest', 6027, '[]', 'Accepted', 0.75),
(288, 216, 131, '2023-03-18', '2025-08-11 14:55:56', '2025-08-11 14:55:56', 15, 442, NULL, 5572, '[]', 'Accepted', 0.59),
(289, 216, 138, '2025-10-16', '2025-08-11 14:55:56', '2025-08-11 14:55:56', 15, 942, NULL, 19041, '[]', 'Accepted', 0.51),
(290, 216, 138, '2023-07-24', '2025-08-11 14:55:56', '2025-08-11 14:55:56', 15, 602, NULL, 4821, '[]', 'Accepted', 0.52),
(291, 216, 138, '2024-04-19', '2025-08-11 14:55:56', '2025-08-11 14:55:56', 15, 806, 'Good quality', 15608, '[]', 'Accepted', 0.49),
(292, 216, 130, '2025-09-09', '2025-08-11 14:55:56', '2025-08-11 14:55:56', 15, 57, NULL, 300, '[]', 'Accepted', 0.32),
(293, 216, 138, '2025-04-06', '2025-08-11 14:55:56', '2025-08-11 14:55:56', 15, 481, NULL, 4135, '[]', 'Accepted', 0.51),
(294, 216, 131, '2023-08-12', '2025-08-11 14:55:56', '2025-08-11 14:55:56', 15, 609, 'Good quality', 13999, '[]', 'Accepted', 0.77),
(295, 216, 138, '2023-01-22', '2025-08-11 14:55:56', '2025-08-11 14:55:56', 15, 353, NULL, 4144, '[]', 'Accepted', 0.6),
(296, 216, 135, '2023-07-20', '2025-08-11 14:55:56', '2025-08-11 14:55:56', 15, 173, NULL, 3706, '[]', 'Accepted', 0.64),
(297, 216, 135, '2022-08-26', '2025-08-11 14:55:56', '2025-08-11 14:55:56', 15, 590, NULL, 4360, '[]', 'Accepted', 0.39),
(299, 216, 135, '2023-12-16', '2025-08-11 14:55:56', '2025-08-11 14:55:56', 15, 900, NULL, 10570, '[]', 'Accepted', 0.6),
(300, 216, 131, '2023-07-20', '2025-08-11 14:55:56', '2025-08-11 14:55:56', 15, 955, NULL, 22370, '[]', 'Accepted', 0.6),
(301, 217, 126, '2023-09-21', '2025-08-11 14:56:01', '2025-08-11 14:56:01', 16, 59, NULL, 1003, '[]', 'Accepted', 0.62),
(302, 217, 124, '2025-05-14', '2025-08-11 14:56:01', '2025-08-11 14:56:01', 16, 696, NULL, 4863, '[]', 'Accepted', 0.38),
(303, 217, 126, '2022-05-13', '2025-08-11 14:56:01', '2025-08-11 14:56:01', 16, 103, NULL, 879, '[]', 'Accepted', 0.36),
(304, 217, 124, '2024-06-24', '2025-08-11 14:56:01', '2025-08-11 14:56:01', 16, 168, 'Some pest damage', 2800, '[]', 'Accepted', 0.53),
(305, 217, 125, '2024-10-27', '2025-08-11 14:56:01', '2025-08-11 14:56:01', 16, 526, NULL, 11917, '[]', 'Accepted', 0.21),
(306, 217, 127, '2022-11-10', '2025-08-11 14:56:01', '2025-08-11 14:56:01', 16, 763, NULL, 12042, '[]', 'Accepted', 0.14),
(307, 217, 124, '2021-07-16', '2025-08-11 14:56:01', '2025-08-11 14:56:01', 16, 366, NULL, 2839, '[]', 'Accepted', 0.31),
(308, 217, 127, '2024-01-24', '2025-08-11 14:56:01', '2025-08-11 14:56:01', 16, 329, NULL, 4095, '[]', 'Accepted', 0.55),
(309, 217, 127, '2022-05-21', '2025-08-11 14:56:01', '2025-08-11 14:56:01', 16, 431, NULL, 6943, '[]', 'Accepted', 0.58),
(310, 217, 125, '2023-04-16', '2025-08-11 14:56:01', '2025-08-11 14:56:01', 16, 820, 'Good quality', 9912, '[]', 'Accepted', 0.56),
(311, 217, 127, '2025-09-02', '2025-08-11 14:56:01', '2025-08-11 14:56:01', 16, 449, NULL, 8779, '[]', 'Accepted', 0.61),
(312, 217, 124, '2023-06-27', '2025-08-11 14:56:01', '2025-08-11 14:56:01', 16, 607, NULL, 13736, '[]', 'Accepted', 0.53),
(313, 217, 127, '2025-03-11', '2025-08-11 14:56:01', '2025-08-11 14:56:01', 16, 647, 'Average yield', 10474, '[]', 'Accepted', 0.5),
(314, 217, 124, '2024-10-24', '2025-08-11 14:56:01', '2025-08-11 14:56:01', 16, 792, NULL, 15712, '[]', 'Accepted', 0.5),
(315, 217, 124, '2025-07-24', '2025-08-11 14:56:01', '2025-08-11 14:56:01', 16, 992, NULL, 21774, '[]', 'Accepted', 0.07),
(316, 217, 125, '2025-07-13', '2025-08-11 14:56:01', '2025-08-11 14:56:01', 16, 382, 'Good quality', 5026, '[]', 'Accepted', 0.56),
(317, 217, 126, '2023-09-25', '2025-08-11 14:56:01', '2025-08-11 14:56:01', 16, 407, NULL, 8667, '[]', 'Accepted', 0.46),
(318, 217, 126, '2023-10-31', '2025-08-11 14:56:01', '2025-08-11 14:56:01', 16, 300, NULL, 2850, '[]', 'Accepted', 0.39),
(319, 217, 126, '2024-03-31', '2025-08-11 14:56:01', '2025-08-11 14:56:01', 16, 912, NULL, 10579, '[]', 'Accepted', 0.12),
(320, 217, 127, '2021-05-23', '2025-08-11 14:56:01', '2025-08-11 14:56:01', 16, 173, NULL, 1397, '[]', 'Accepted', 0.27),
(321, 217, 128, '2021-05-25', '2025-08-11 14:56:01', '2025-08-11 14:56:01', 17, 794, 'Excellent harvest', 4141, '[]', 'Accepted', 1.07),
(322, 217, 128, '2025-12-18', '2025-08-11 14:56:01', '2025-08-11 14:56:01', 17, 925, 'Some pest damage', 10521, '[]', 'Accepted', 1.74),
(323, 217, 128, '2024-10-23', '2025-08-11 14:56:01', '2025-08-11 14:56:01', 17, 929, 'Average yield', 10491, '[]', 'Accepted', 1.62),
(324, 217, 128, '2021-09-24', '2025-08-11 14:56:01', '2025-08-11 14:56:01', 17, 942, NULL, 10872, '[]', 'Accepted', 0.81),
(325, 217, 128, '2023-08-24', '2025-08-11 14:56:01', '2025-08-11 14:56:01', 17, 813, NULL, 17978, '[]', 'Accepted', 1.3),
(326, 217, 128, '2024-08-24', '2025-08-11 14:56:01', '2025-08-11 14:56:01', 17, 684, NULL, 11524, '[]', 'Accepted', 0.42),
(327, 217, 128, '2022-08-31', '2025-08-11 14:56:01', '2025-08-11 14:56:01', 17, 185, NULL, 3181, '[]', 'Accepted', 1.5),
(328, 217, 128, '2021-06-23', '2025-08-11 14:56:01', '2025-08-11 14:56:01', 17, 626, 'Some pest damage', 4237, '[]', 'Accepted', 0.95),
(329, 217, 128, '2024-11-13', '2025-08-11 14:56:01', '2025-08-11 14:56:01', 17, 129, NULL, 839, '[]', 'Accepted', 1.4),
(330, 217, 128, '2021-01-31', '2025-08-11 14:56:01', '2025-08-11 14:56:01', 17, 171, NULL, 2137, '[]', 'Accepted', 1.14),
(331, 217, 128, '2021-04-18', '2025-08-11 14:56:01', '2025-08-11 14:56:01', 17, 927, NULL, 13682, '[]', 'Accepted', 0.63),
(332, 217, 128, '2024-02-07', '2025-08-11 14:56:01', '2025-08-11 14:56:01', 17, 759, NULL, 6113, '[]', 'Accepted', 0.83),
(333, 217, 128, '2025-09-12', '2025-08-11 14:56:01', '2025-08-11 14:56:01', 17, 949, NULL, 22507, '[]', 'Accepted', 0.63),
(334, 217, 128, '2023-10-01', '2025-08-11 14:56:01', '2025-08-11 14:56:01', 17, 95, NULL, 1299, '[]', 'Accepted', 1.37),
(335, 217, 128, '2024-12-16', '2025-08-11 14:56:01', '2025-08-11 14:56:01', 17, 919, NULL, 16483, '[]', 'Accepted', 1.06),
(336, 217, 128, '2022-09-04', '2025-08-11 14:56:01', '2025-08-11 14:56:01', 17, 316, NULL, 6948, '[]', 'Accepted', 0.63),
(337, 217, 128, '2021-04-07', '2025-08-11 14:56:01', '2025-08-11 14:56:01', 17, 375, NULL, 9043, '[]', 'Accepted', 0.93),
(338, 217, 128, '2024-01-05', '2025-08-11 14:56:01', '2025-08-11 14:56:01', 17, 46, NULL, 1116, '[]', 'Accepted', 1.64),
(339, 217, 128, '2021-07-22', '2025-08-11 14:56:01', '2025-08-11 14:56:01', 17, 628, NULL, 10270, '[]', 'Accepted', 0.36),
(340, 217, 128, '2025-07-07', '2025-08-11 14:56:01', '2025-08-11 14:56:01', 17, 269, NULL, 4056, '[]', 'Accepted', 1.35),
(341, 218, 132, '2021-03-01', '2025-08-11 14:56:07', '2025-08-11 14:56:07', 18, 562, 'Good quality', 12003, '[]', 'Accepted', 1.23),
(342, 218, 132, '2025-08-14', '2025-08-11 14:56:07', '2025-08-11 14:56:07', 18, 612, NULL, 10299, '[]', 'Accepted', 0.79),
(343, 218, 132, '2021-12-06', '2025-08-11 14:56:07', '2025-08-11 14:56:07', 18, 63, 'Excellent harvest', 758, '[]', 'Accepted', 0.51),
(344, 218, 132, '2025-06-30', '2025-08-11 14:56:07', '2025-08-11 14:56:07', 18, 157, NULL, 1996, '[]', 'Accepted', 1.89),
(345, 218, 132, '2023-02-23', '2025-08-11 14:56:07', '2025-08-11 14:56:07', 18, 143, NULL, 1315, '[]', 'Accepted', 0.68),
(346, 218, 132, '2023-10-01', '2025-08-11 14:56:07', '2025-08-11 14:56:07', 18, 918, NULL, 22414, '[]', 'Accepted', 0.31),
(347, 218, 132, '2025-04-30', '2025-08-11 14:56:07', '2025-08-11 14:56:07', 18, 534, 'Good quality', 6393, '[]', 'Accepted', 0.72),
(348, 218, 132, '2023-10-24', '2025-08-11 14:56:07', '2025-08-11 14:56:07', 18, 462, NULL, 9433, '[]', 'Accepted', 0.93),
(349, 218, 132, '2024-03-14', '2025-08-11 14:56:07', '2025-08-11 14:56:07', 18, 950, NULL, 13763, '[]', 'Accepted', 0.68),
(350, 218, 132, '2022-10-06', '2025-08-11 14:56:07', '2025-08-11 14:56:07', 18, 98, 'Some pest damage', 1150, '[]', 'Accepted', 1.19),
(351, 218, 132, '2022-03-18', '2025-08-11 14:56:07', '2025-08-11 14:56:07', 18, 800, 'Good quality', 13059, '[]', 'Accepted', 1.4),
(352, 218, 132, '2022-05-16', '2025-08-11 14:56:07', '2025-08-11 14:56:07', 18, 568, 'Some pest damage', 3744, '[]', 'Accepted', 0.27),
(353, 218, 132, '2025-07-15', '2025-08-11 14:56:07', '2025-08-11 14:56:07', 18, 162, 'Excellent harvest', 1338, '[]', 'Accepted', 0.59),
(354, 218, 132, '2024-02-12', '2025-08-11 14:56:07', '2025-08-11 14:56:07', 18, 16, NULL, 261, '[]', 'Accepted', 0.56),
(355, 218, 132, '2023-05-14', '2025-08-11 14:56:07', '2025-08-11 14:56:07', 18, 12, NULL, 220, '[]', 'Accepted', 0.53),
(356, 218, 132, '2022-10-10', '2025-08-11 14:56:07', '2025-08-11 14:56:07', 18, 462, NULL, 10783, '[]', 'Accepted', 1.44),
(357, 218, 132, '2021-12-15', '2025-08-11 14:56:07', '2025-08-11 14:56:07', 18, 776, NULL, 12638, '[]', 'Accepted', 1.25),
(358, 218, 132, '2024-11-23', '2025-08-11 14:56:07', '2025-08-11 14:56:07', 18, 711, NULL, 13226, '[]', 'Accepted', 1.28),
(359, 218, 132, '2024-04-11', '2025-08-11 14:56:07', '2025-08-11 14:56:07', 18, 664, 'Good quality', 6577, '[]', 'Accepted', 0.4),
(360, 218, 132, '2021-04-10', '2025-08-11 14:56:07', '2025-08-11 14:56:07', 18, 821, NULL, 12917, '[]', 'Accepted', 0.26),
(361, 218, 132, '2021-05-18', '2025-08-11 14:56:07', '2025-08-11 14:56:07', 18, 129, 'Good quality', 1785, '[]', 'Accepted', 1.63),
(362, 218, 132, '2024-03-06', '2025-08-11 14:56:07', '2025-08-11 14:56:07', 18, 406, NULL, 9145, '[]', 'Accepted', 0.71),
(363, 218, 132, '2021-12-13', '2025-08-11 14:56:07', '2025-08-11 14:56:07', 18, 523, NULL, 6530, '[]', 'Accepted', 0.85),
(364, 218, 132, '2022-02-23', '2025-08-11 14:56:07', '2025-08-11 14:56:07', 18, 652, NULL, 14869, '[]', 'Accepted', 1.89),
(365, 218, 132, '2021-10-14', '2025-08-11 14:56:07', '2025-08-11 14:56:07', 18, 97, NULL, 1164, '[]', 'Accepted', 1.01),
(366, 218, 132, '2024-06-02', '2025-08-11 14:56:07', '2025-08-11 14:56:07', 18, 520, 'Average yield', 12646, '[]', 'Accepted', 1.18),
(367, 218, 132, '2021-09-07', '2025-08-11 14:56:07', '2025-08-11 14:56:07', 18, 736, NULL, 13691, '[]', 'Accepted', 1.74),
(368, 218, 132, '2022-07-14', '2025-08-11 14:56:07', '2025-08-11 14:56:07', 18, 216, NULL, 4228, '[]', 'Accepted', 0.6),
(369, 218, 132, '2024-12-08', '2025-08-11 14:56:07', '2025-08-11 14:56:07', 18, 311, NULL, 4127, '[]', 'Accepted', 0.85),
(370, 218, 132, '2022-01-27', '2025-08-11 14:56:07', '2025-08-11 14:56:07', 18, 492, NULL, 3820, '[]', 'Accepted', 1.62),
(371, 218, 132, '2022-08-14', '2025-08-11 14:56:07', '2025-08-11 14:56:07', 18, 526, NULL, 8811, '[]', 'Accepted', 1.02),
(372, 218, 132, '2023-01-12', '2025-08-11 14:56:07', '2025-08-11 14:56:07', 18, 323, NULL, 5908, '[]', 'Accepted', 0.21),
(373, 218, 132, '2021-06-22', '2025-08-11 14:56:07', '2025-08-11 14:56:07', 18, 449, NULL, 3397, '[]', 'Accepted', 0.86),
(374, 218, 132, '2024-07-16', '2025-08-11 14:56:07', '2025-08-11 14:56:07', 18, 558, 'Good quality', 13619, '[]', 'Accepted', 0.36),
(375, 218, 132, '2024-05-05', '2025-08-11 14:56:07', '2025-08-11 14:56:07', 18, 767, 'Excellent harvest', 7605, '[]', 'Accepted', 0.88),
(376, 218, 132, '2025-02-24', '2025-08-11 14:56:07', '2025-08-11 14:56:07', 18, 978, NULL, 14990, '[]', 'Accepted', 1.7),
(377, 218, 132, '2021-11-30', '2025-08-11 14:56:07', '2025-08-11 14:56:07', 18, 228, NULL, 4592, '[]', 'Accepted', 0.68),
(378, 218, 132, '2024-01-25', '2025-08-11 14:56:07', '2025-08-11 14:56:07', 18, 826, NULL, 17535, '[]', 'Accepted', 0.26),
(379, 218, 132, '2023-08-09', '2025-08-11 14:56:07', '2025-08-11 14:56:07', 18, 493, NULL, 9696, '[]', 'Accepted', 1.06),
(380, 218, 132, '2021-11-25', '2025-08-11 14:56:07', '2025-08-11 14:56:07', 18, 87, NULL, 2120, '[]', 'Accepted', 0.99),
(381, 219, 128, '2021-03-13', '2025-08-11 14:56:16', '2025-08-11 14:56:16', 20, 685, NULL, 16877, '[]', 'Accepted', 0.24),
(382, 219, 128, '2024-10-20', '2025-08-11 14:56:16', '2025-08-11 14:56:16', 20, 144, NULL, 1437, '[]', 'Accepted', 0.27),
(383, 219, 128, '2025-08-20', '2025-08-11 14:56:16', '2025-08-11 14:56:16', 20, 442, NULL, 10690, '[]', 'Accepted', 0.48),
(384, 219, 128, '2025-12-07', '2025-08-11 14:56:16', '2025-08-11 14:56:16', 20, 929, 'Average yield', 16649, '[]', 'Accepted', 0.35),
(385, 219, 128, '2023-04-06', '2025-08-11 14:56:16', '2025-08-11 14:56:16', 20, 646, NULL, 5428, '[]', 'Accepted', 0.08),
(386, 219, 128, '2021-04-10', '2025-08-11 14:56:16', '2025-08-11 14:56:16', 20, 268, 'Average yield', 1529, '[]', 'Accepted', 0.32),
(387, 219, 128, '2024-07-03', '2025-08-11 14:56:16', '2025-08-11 14:56:16', 20, 17, NULL, 417, '[]', 'Accepted', 0.44),
(388, 219, 128, '2024-06-13', '2025-08-11 14:56:16', '2025-08-11 14:56:16', 20, 45, NULL, 905, '[]', 'Accepted', 0.52),
(389, 219, 128, '2022-12-23', '2025-08-11 14:56:16', '2025-08-11 14:56:16', 20, 343, NULL, 7445, '[]', 'Accepted', 0.31),
(390, 219, 128, '2024-10-10', '2025-08-11 14:56:16', '2025-08-11 14:56:16', 20, 446, 'Average yield', 4153, '[]', 'Accepted', 0.54),
(391, 219, 128, '2025-06-20', '2025-08-11 14:56:16', '2025-08-11 14:56:16', 20, 711, NULL, 10694, '[]', 'Accepted', 0.63),
(392, 219, 128, '2021-11-13', '2025-08-11 14:56:16', '2025-08-11 14:56:16', 20, 894, 'Average yield', 21728, '[]', 'Accepted', 0.72),
(393, 219, 128, '2024-01-11', '2025-08-11 14:56:16', '2025-08-11 14:56:16', 20, 38, NULL, 310, '[]', 'Accepted', 0.42),
(394, 219, 128, '2024-05-24', '2025-08-11 14:56:16', '2025-08-11 14:56:16', 20, 432, NULL, 5686, '[]', 'Accepted', 0.56),
(395, 219, 128, '2024-09-01', '2025-08-11 14:56:16', '2025-08-11 14:56:16', 20, 460, NULL, 3177, '[]', 'Accepted', 0.22),
(396, 219, 128, '2021-05-14', '2025-08-11 14:56:16', '2025-08-11 14:56:16', 20, 585, 'Excellent harvest', 4591, '[]', 'Accepted', 0.3),
(397, 219, 128, '2024-08-24', '2025-08-11 14:56:16', '2025-08-11 14:56:16', 20, 683, 'Average yield', 9066, '[]', 'Accepted', 0.19),
(398, 219, 128, '2023-11-06', '2025-08-11 14:56:16', '2025-08-11 14:56:16', 20, 274, NULL, 2805, '[]', 'Accepted', 0.27),
(399, 219, 128, '2024-08-27', '2025-08-11 14:56:16', '2025-08-11 14:56:16', 20, 478, NULL, 6143, '[]', 'Accepted', 0.72),
(400, 219, 128, '2024-01-04', '2025-08-11 14:56:16', '2025-08-11 14:56:16', 20, 825, NULL, 19108, '[]', 'Accepted', 0.6),
(401, 220, 128, '2024-11-17', '2025-08-11 14:56:20', '2025-08-11 14:56:20', 19, 596, NULL, 13625, '[]', 'Accepted', 0.69),
(402, 220, 128, '2023-02-19', '2025-08-11 14:56:20', '2025-08-11 14:56:20', 19, 203, NULL, 3566, '[]', 'Accepted', 0.7),
(403, 220, 128, '2025-08-31', '2025-08-11 14:56:20', '2025-08-11 14:56:20', 19, 210, NULL, 4839, '[]', 'Accepted', 0.69),
(404, 220, 128, '2021-10-03', '2025-08-11 14:56:20', '2025-08-11 14:56:20', 19, 121, NULL, 788, '[]', 'Accepted', 0.8),
(405, 220, 128, '2025-12-10', '2025-08-11 14:56:20', '2025-08-11 14:56:20', 19, 122, NULL, 1544, '[]', 'Accepted', 0.82),
(406, 220, 128, '2024-08-21', '2025-08-11 14:56:20', '2025-08-11 14:56:20', 19, 11, 'Some pest damage', 64, '[]', 'Accepted', 0.63),
(407, 220, 128, '2023-10-16', '2025-08-11 14:56:20', '2025-08-11 14:56:20', 19, 818, 'Excellent harvest', 19430, '[]', 'Accepted', 0.47),
(408, 220, 128, '2023-10-02', '2025-08-11 14:56:20', '2025-08-11 14:56:20', 19, 21, NULL, 179, '[]', 'Accepted', 0.22),
(409, 220, 128, '2022-11-11', '2025-08-11 14:56:20', '2025-08-11 14:56:20', 19, 368, NULL, 5174, '[]', 'Accepted', 0.31),
(410, 220, 128, '2024-08-07', '2025-08-11 14:56:20', '2025-08-11 14:56:20', 19, 43, 'Excellent harvest', 747, '[]', 'Accepted', 0.33),
(411, 220, 128, '2021-12-09', '2025-08-11 14:56:20', '2025-08-11 14:56:20', 19, 252, NULL, 2598, '[]', 'Accepted', 0.66),
(412, 220, 128, '2021-10-11', '2025-08-11 14:56:20', '2025-08-11 14:56:20', 19, 420, NULL, 3373, '[]', 'Accepted', 0.2),
(413, 220, 128, '2025-03-08', '2025-08-11 14:56:20', '2025-08-11 14:56:20', 19, 297, 'Average yield', 7374, '[]', 'Accepted', 1.1),
(414, 220, 128, '2021-05-16', '2025-08-11 14:56:20', '2025-08-11 14:56:20', 19, 394, NULL, 6737, '[]', 'Accepted', 0.79),
(415, 220, 128, '2024-01-27', '2025-08-11 14:56:20', '2025-08-11 14:56:20', 19, 106, NULL, 952, '[]', 'Accepted', 0.34),
(416, 220, 128, '2022-08-25', '2025-08-11 14:56:20', '2025-08-11 14:56:20', 19, 3, 'Excellent harvest', 62, '[]', 'Accepted', 0.75),
(417, 220, 128, '2023-03-02', '2025-08-11 14:56:20', '2025-08-11 14:56:20', 19, 482, 'Some pest damage', 6771, '[]', 'Accepted', 0.19),
(418, 220, 128, '2021-05-01', '2025-08-11 14:56:20', '2025-08-11 14:56:20', 19, 335, NULL, 3782, '[]', 'Accepted', 0.45),
(419, 220, 128, '2023-03-20', '2025-08-11 14:56:20', '2025-08-11 14:56:20', 19, 787, 'Good quality', 16898, '[]', 'Accepted', 0.4),
(420, 220, 128, '2023-06-22', '2025-08-11 14:56:20', '2025-08-11 14:56:20', 19, 765, NULL, 7327, '[]', 'Accepted', 0.85),
(421, 221, 128, '2023-10-15', '2025-08-11 14:56:30', '2025-08-11 14:56:30', 21, 447, NULL, 5080, '[]', 'Accepted', 0.88),
(422, 221, 128, '2025-12-19', '2025-08-11 14:56:30', '2025-08-11 14:56:30', 21, 491, NULL, 9421, '[]', 'Accepted', 0.7),
(423, 221, 128, '2024-02-24', '2025-08-11 14:56:30', '2025-08-11 14:56:30', 21, 186, 'Average yield', 1212, '[]', 'Accepted', 0.7),
(424, 221, 128, '2022-02-16', '2025-08-11 14:56:30', '2025-08-11 14:56:30', 21, 155, NULL, 3001, '[]', 'Accepted', 0.83),
(425, 221, 128, '2023-06-25', '2025-08-11 14:56:30', '2025-08-11 14:56:30', 21, 476, NULL, 3783, '[]', 'Accepted', 0.63),
(426, 221, 128, '2022-12-12', '2025-08-11 14:56:30', '2025-08-11 14:56:30', 21, 837, 'Some pest damage', 4626, '[]', 'Accepted', 0.18),
(427, 221, 128, '2023-04-25', '2025-08-11 14:56:30', '2025-08-11 14:56:30', 21, 325, 'Average yield', 6478, '[]', 'Accepted', 0.47),
(428, 221, 128, '2021-02-28', '2025-08-11 14:56:30', '2025-08-11 14:56:30', 21, 172, NULL, 3780, '[]', 'Accepted', 0.67),
(429, 221, 128, '2022-01-07', '2025-08-11 14:56:30', '2025-08-11 14:56:30', 21, 617, NULL, 14173, '[]', 'Accepted', 0.26),
(430, 221, 128, '2022-04-14', '2025-08-11 14:56:30', '2025-08-11 14:56:30', 21, 386, NULL, 8112, '[]', 'Accepted', 0.75),
(431, 221, 128, '2021-03-01', '2025-08-11 14:56:30', '2025-08-11 14:56:30', 21, 942, 'Excellent harvest', 18368, '[]', 'Accepted', 0.98),
(432, 221, 128, '2024-01-16', '2025-08-11 14:56:30', '2025-08-11 14:56:30', 21, 590, NULL, 11440, '[]', 'Accepted', 0.68),
(433, 221, 128, '2024-05-02', '2025-08-11 14:56:30', '2025-08-11 14:56:30', 21, 861, NULL, 12505, '[]', 'Accepted', 0.61),
(434, 221, 128, '2022-12-23', '2025-08-11 14:56:30', '2025-08-11 14:56:30', 21, 163, 'Average yield', 1448, '[]', 'Accepted', 0.29),
(435, 221, 128, '2025-01-24', '2025-08-11 14:56:30', '2025-08-11 14:56:30', 21, 13, 'Good quality', 215, '[]', 'Accepted', 0.34),
(436, 221, 128, '2021-08-03', '2025-08-11 14:56:30', '2025-08-11 14:56:30', 21, 705, 'Good quality', 5091, '[]', 'Accepted', 1.05),
(437, 221, 128, '2024-11-30', '2025-08-11 14:56:30', '2025-08-11 14:56:30', 21, 106, NULL, 2225, '[]', 'Accepted', 0.91),
(438, 221, 128, '2022-12-14', '2025-08-11 14:56:30', '2025-08-11 14:56:30', 21, 445, 'Average yield', 9887, '[]', 'Accepted', 0.96),
(439, 221, 128, '2025-02-11', '2025-08-11 14:56:30', '2025-08-11 14:56:30', 21, 145, NULL, 2819, '[]', 'Accepted', 0.99),
(440, 221, 128, '2024-11-09', '2025-08-11 14:56:30', '2025-08-11 14:56:30', 21, 650, NULL, 6392, '[]', 'Accepted', 0.75),
(441, 222, 125, '2025-04-07', '2025-08-11 14:56:33', '2025-08-11 14:56:33', 22, 177, NULL, 1489, '[]', 'Accepted', 0.66),
(442, 222, 127, '2023-09-20', '2025-08-11 14:56:33', '2025-08-11 14:56:33', 22, 958, NULL, 11658, '[]', 'Accepted', 0.64),
(443, 222, 125, '2025-02-12', '2025-08-11 14:56:33', '2025-08-11 14:56:33', 22, 637, 'Some pest damage', 13682, '[]', 'Accepted', 0.84),
(444, 222, 125, '2022-01-24', '2025-08-11 14:56:33', '2025-08-11 14:56:33', 22, 9, NULL, 216, '[]', 'Accepted', 0.82),
(445, 222, 124, '2023-01-12', '2025-08-11 14:56:33', '2025-08-11 14:56:33', 22, 357, 'Good quality', 8315, '[]', 'Accepted', 0.15),
(446, 222, 124, '2024-11-16', '2025-08-11 14:56:33', '2025-08-11 14:56:33', 22, 75, NULL, 1004, '[]', 'Accepted', 0.69),
(447, 222, 127, '2024-02-21', '2025-08-11 14:56:33', '2025-08-11 14:56:33', 22, 130, NULL, 714, '[]', 'Accepted', 0.22),
(448, 222, 127, '2024-09-02', '2025-08-11 14:56:33', '2025-08-11 14:56:33', 22, 281, 'Good quality', 4079, '[]', 'Accepted', 0.4),
(449, 222, 125, '2023-07-22', '2025-08-11 14:56:33', '2025-08-11 14:56:33', 22, 978, 'Average yield', 17133, '[]', 'Accepted', 0.53),
(450, 222, 126, '2021-02-11', '2025-08-11 14:56:33', '2025-08-11 14:56:33', 22, 451, NULL, 4881, '[]', 'Accepted', 0.57),
(451, 222, 125, '2024-05-03', '2025-08-11 14:56:33', '2025-08-11 14:56:33', 22, 132, NULL, 1240, '[]', 'Accepted', 0.32),
(452, 222, 125, '2023-01-21', '2025-08-11 14:56:33', '2025-08-11 14:56:33', 22, 187, 'Average yield', 4533, '[]', 'Accepted', 0.31),
(453, 222, 127, '2025-05-16', '2025-08-11 14:56:33', '2025-08-11 14:56:33', 22, 281, 'Excellent harvest', 4184, '[]', 'Accepted', 0.34);
INSERT INTO `farmer_yield` (`id`, `farmer_id`, `product_id`, `harvest_date`, `created_at`, `updated_at`, `farm_id`, `volume`, `notes`, `Value`, `images`, `status`, `area_harvested`) VALUES
(454, 222, 127, '2025-01-08', '2025-08-11 14:56:34', '2025-08-11 14:56:34', 22, 171, 'Average yield', 3378, '[]', 'Accepted', 0.97),
(455, 222, 125, '2025-10-01', '2025-08-11 14:56:34', '2025-08-11 14:56:34', 22, 751, 'Excellent harvest', 6954, '[]', 'Accepted', 0.99),
(456, 222, 124, '2022-06-10', '2025-08-11 14:56:34', '2025-08-11 14:56:34', 22, 63, NULL, 1037, '[]', 'Accepted', 0.24),
(457, 222, 126, '2024-07-19', '2025-08-11 14:56:34', '2025-08-11 14:56:34', 22, 772, NULL, 13182, '[]', 'Accepted', 0.41),
(458, 222, 124, '2024-10-15', '2025-08-11 14:56:34', '2025-08-11 14:56:34', 22, 373, NULL, 2182, '[]', 'Accepted', 0.71),
(459, 222, 124, '2022-05-07', '2025-08-11 14:56:34', '2025-08-11 14:56:34', 22, 39, NULL, 430, '[]', 'Accepted', 0.13),
(460, 222, 127, '2023-11-18', '2025-08-11 14:56:34', '2025-08-11 14:56:34', 22, 582, NULL, 9222, '[]', 'Accepted', 0.55),
(461, 222, 137, '2021-04-22', '2025-08-11 14:56:34', '2025-08-11 14:56:34', 23, 132, NULL, 1819, '[]', 'Accepted', 0.04),
(462, 222, 137, '2023-10-02', '2025-08-11 14:56:34', '2025-08-11 14:56:34', 23, 541, NULL, 9878, '[]', 'Accepted', 0.09),
(463, 222, 137, '2022-01-13', '2025-08-11 14:56:34', '2025-08-11 14:56:34', 23, 851, NULL, 18812, '[]', 'Accepted', 0.15),
(464, 222, 137, '2023-07-03', '2025-08-11 14:56:34', '2025-08-11 14:56:34', 23, 854, NULL, 20015, '[]', 'Accepted', 0.08),
(465, 222, 137, '2021-03-25', '2025-08-11 14:56:34', '2025-08-11 14:56:34', 23, 985, 'Average yield', 18060, '[]', 'Accepted', 0.04),
(466, 222, 122, '2025-02-03', '2025-08-11 14:56:34', '2025-08-11 14:56:34', 23, 954, NULL, 20381, '[]', 'Accepted', 0.09),
(467, 222, 137, '2024-04-19', '2025-08-11 14:56:34', '2025-08-11 14:56:34', 23, 83, 'Average yield', 1856, '[]', 'Accepted', 0.04),
(468, 222, 123, '2022-10-12', '2025-08-11 14:56:34', '2025-08-11 14:56:34', 23, 271, 'Good quality', 3190, '[]', 'Accepted', 0.04),
(469, 222, 123, '2025-10-07', '2025-08-11 14:56:34', '2025-08-11 14:56:34', 23, 117, NULL, 1947, '[]', 'Accepted', 0.05),
(470, 222, 137, '2021-10-16', '2025-08-11 14:56:34', '2025-08-11 14:56:34', 23, 962, NULL, 9565, '[]', 'Accepted', 0.12),
(471, 222, 136, '2021-06-03', '2025-08-11 14:56:34', '2025-08-11 14:56:34', 23, 136, NULL, 2594, '[]', 'Accepted', 0.04),
(472, 222, 122, '2021-02-22', '2025-08-11 14:56:34', '2025-08-11 14:56:34', 23, 695, 'Average yield', 15410, '[]', 'Accepted', 0.12),
(473, 222, 122, '2021-09-03', '2025-08-11 14:56:34', '2025-08-11 14:56:34', 23, 926, NULL, 17352, '[]', 'Accepted', 0.03),
(474, 222, 122, '2023-06-03', '2025-08-11 14:56:34', '2025-08-11 14:56:34', 23, 676, NULL, 4738, '[]', 'Accepted', 0.11),
(475, 222, 137, '2022-08-25', '2025-08-11 14:56:34', '2025-08-11 14:56:34', 23, 901, NULL, 20277, '[]', 'Accepted', 0.1),
(476, 222, 122, '2022-01-06', '2025-08-11 14:56:34', '2025-08-11 14:56:34', 23, 357, 'Good quality', 3884, '[]', 'Accepted', 0.14),
(477, 222, 122, '2023-11-01', '2025-08-11 14:56:34', '2025-08-11 14:56:34', 23, 821, NULL, 6681, '[]', 'Accepted', 0.14),
(478, 222, 136, '2024-11-11', '2025-08-11 14:56:34', '2025-08-11 14:56:34', 23, 981, NULL, 24467, '[]', 'Accepted', 0.08),
(479, 222, 122, '2023-08-20', '2025-08-11 14:56:34', '2025-08-11 14:56:34', 23, 568, NULL, 4564, '[]', 'Accepted', 0.08),
(480, 222, 123, '2025-12-06', '2025-08-11 14:56:34', '2025-08-11 14:56:34', 23, 583, NULL, 14338, '[]', 'Accepted', 0.12),
(481, 222, 129, '2024-08-10', '2025-08-11 14:56:34', '2025-08-11 14:56:34', 26, 15, NULL, 292, '[]', 'Accepted', 2.43),
(482, 222, 129, '2023-12-25', '2025-08-11 14:56:34', '2025-08-11 14:56:34', 26, 649, 'Good quality', 10131, '[]', 'Accepted', 1.73),
(483, 222, 129, '2023-04-04', '2025-08-11 14:56:34', '2025-08-11 14:56:34', 26, 300, NULL, 5887, '[]', 'Accepted', 2.29),
(484, 222, 129, '2023-08-04', '2025-08-11 14:56:34', '2025-08-11 14:56:34', 26, 498, 'Excellent harvest', 7368, '[]', 'Accepted', 1.08),
(485, 222, 129, '2022-10-27', '2025-08-11 14:56:34', '2025-08-11 14:56:34', 26, 455, NULL, 9019, '[]', 'Accepted', 1.01),
(486, 222, 129, '2022-08-01', '2025-08-11 14:56:34', '2025-08-11 14:56:34', 26, 878, NULL, 7127, '[]', 'Accepted', 2.53),
(487, 222, 129, '2021-10-04', '2025-08-11 14:56:34', '2025-08-11 14:56:34', 26, 266, 'Excellent harvest', 5527, '[]', 'Accepted', 0.79),
(488, 222, 129, '2024-05-01', '2025-08-11 14:56:34', '2025-08-11 14:56:34', 26, 163, NULL, 3110, '[]', 'Accepted', 1.04),
(489, 222, 129, '2023-10-24', '2025-08-11 14:56:34', '2025-08-11 14:56:34', 26, 107, NULL, 1838, '[]', 'Accepted', 2.21),
(490, 222, 129, '2024-07-08', '2025-08-11 14:56:34', '2025-08-11 14:56:34', 26, 929, NULL, 17889, '[]', 'Accepted', 1.89),
(491, 222, 129, '2025-05-01', '2025-08-11 14:56:34', '2025-08-11 14:56:34', 26, 329, 'Good quality', 3764, '[]', 'Accepted', 2.52),
(492, 222, 129, '2021-03-04', '2025-08-11 14:56:34', '2025-08-11 14:56:34', 26, 683, NULL, 13126, '[]', 'Accepted', 0.6),
(493, 222, 129, '2021-04-02', '2025-08-11 14:56:34', '2025-08-11 14:56:34', 26, 666, 'Some pest damage', 12922, '[]', 'Accepted', 0.81),
(494, 222, 129, '2024-08-02', '2025-08-11 14:56:34', '2025-08-11 14:56:34', 26, 869, NULL, 9555, '[]', 'Accepted', 0.27),
(495, 222, 129, '2021-06-02', '2025-08-11 14:56:34', '2025-08-11 14:56:34', 26, 575, 'Average yield', 3134, '[]', 'Accepted', 0.64),
(496, 222, 129, '2025-02-02', '2025-08-11 14:56:34', '2025-08-11 14:56:34', 26, 854, NULL, 7437, '[]', 'Accepted', 2.4),
(497, 222, 129, '2021-08-17', '2025-08-11 14:56:34', '2025-08-11 14:56:34', 26, 834, NULL, 5707, '[]', 'Accepted', 1.78),
(498, 222, 129, '2021-06-22', '2025-08-11 14:56:34', '2025-08-11 14:56:34', 26, 595, 'Some pest damage', 4386, '[]', 'Accepted', 0.35),
(499, 222, 129, '2022-09-16', '2025-08-11 14:56:34', '2025-08-11 14:56:34', 26, 751, NULL, 5898, '[]', 'Accepted', 0.99),
(500, 222, 129, '2024-07-11', '2025-08-11 14:56:34', '2025-08-11 14:56:34', 26, 340, NULL, 5479, '[]', 'Accepted', 1.51),
(501, 222, 126, '2021-05-14', '2025-08-11 14:56:34', '2025-08-11 14:56:34', 27, 953, NULL, 19757, '[]', 'Accepted', 0.15),
(502, 222, 126, '2021-01-31', '2025-08-11 14:56:34', '2025-08-11 14:56:34', 27, 18, NULL, 316, '[]', 'Accepted', 0.37),
(503, 222, 124, '2023-08-09', '2025-08-11 14:56:34', '2025-08-11 14:56:34', 27, 866, 'Some pest damage', 15852, '[]', 'Accepted', 0.51),
(504, 222, 125, '2021-07-24', '2025-08-11 14:56:34', '2025-08-11 14:56:34', 27, 512, NULL, 5183, '[]', 'Accepted', 0.43),
(505, 222, 125, '2024-07-04', '2025-08-11 14:56:34', '2025-08-11 14:56:34', 27, 126, 'Good quality', 2574, '[]', 'Accepted', 0.52),
(506, 222, 125, '2025-07-05', '2025-08-11 14:56:34', '2025-08-11 14:56:34', 27, 911, 'Good quality', 5708, '[]', 'Accepted', 0.17),
(507, 222, 126, '2022-10-24', '2025-08-11 14:56:34', '2025-08-11 14:56:34', 27, 211, NULL, 4724, '[]', 'Accepted', 0.41),
(508, 222, 124, '2024-01-04', '2025-08-11 14:56:34', '2025-08-11 14:56:34', 27, 781, NULL, 6496, '[]', 'Accepted', 0.46),
(509, 222, 127, '2024-02-12', '2025-08-11 14:56:34', '2025-08-11 14:56:34', 27, 890, NULL, 19123, '[]', 'Accepted', 0.13),
(510, 222, 126, '2025-06-10', '2025-08-11 14:56:34', '2025-08-11 14:56:34', 27, 174, NULL, 3974, '[]', 'Accepted', 0.18),
(511, 222, 125, '2025-04-04', '2025-08-11 14:56:34', '2025-08-11 14:56:34', 27, 142, NULL, 1696, '[]', 'Accepted', 0.17),
(512, 222, 125, '2023-01-11', '2025-08-11 14:56:34', '2025-08-11 14:56:34', 27, 801, NULL, 14132, '[]', 'Accepted', 0.1),
(513, 222, 125, '2025-08-05', '2025-08-11 14:56:34', '2025-08-11 14:56:34', 27, 264, NULL, 3049, '[]', 'Accepted', 0.31),
(514, 222, 125, '2021-05-24', '2025-08-11 14:56:34', '2025-08-11 14:56:34', 27, 362, NULL, 7052, '[]', 'Accepted', 0.4),
(515, 222, 125, '2021-11-11', '2025-08-11 14:56:34', '2025-08-11 14:56:34', 27, 491, NULL, 4452, '[]', 'Accepted', 0.54),
(516, 222, 127, '2021-09-13', '2025-08-11 14:56:34', '2025-08-11 14:56:34', 27, 827, 'Excellent harvest', 16420, '[]', 'Accepted', 0.16),
(517, 222, 124, '2021-08-01', '2025-08-11 14:56:34', '2025-08-11 14:56:34', 27, 238, 'Average yield', 2250, '[]', 'Accepted', 0.2),
(518, 222, 125, '2023-05-05', '2025-08-11 14:56:34', '2025-08-11 14:56:34', 27, 396, NULL, 4578, '[]', 'Accepted', 0.4),
(519, 222, 126, '2025-07-05', '2025-08-11 14:56:34', '2025-08-11 14:56:34', 27, 710, NULL, 3984, '[]', 'Accepted', 0.27),
(520, 222, 127, '2021-09-14', '2025-08-11 14:56:34', '2025-08-11 14:56:34', 27, 640, 'Some pest damage', 9965, '[]', 'Accepted', 0.51),
(523, 223, 130, '2024-04-25', '2025-08-11 14:56:40', '2025-08-11 14:56:40', 24, 540, NULL, 12059, '[]', 'Accepted', 0.16),
(525, 223, 130, '2023-03-07', '2025-08-11 14:56:40', '2025-08-11 14:56:40', 24, 269, NULL, 4462, '[]', 'Accepted', 0.05),
(526, 223, 130, '2024-05-31', '2025-08-11 14:56:40', '2025-08-11 14:56:40', 24, 931, 'Average yield', 18475, '[]', 'Accepted', 0.21),
(528, 223, 135, '2024-11-17', '2025-08-11 14:56:40', '2025-08-11 14:56:40', 24, 628, 'Average yield', 4327, '[]', 'Accepted', 0.17),
(529, 223, 135, '2024-12-18', '2025-08-11 14:56:40', '2025-08-11 14:56:40', 24, 701, NULL, 7464, '[]', 'Accepted', 0.08),
(530, 223, 130, '2025-11-30', '2025-08-11 14:56:40', '2025-08-11 14:56:40', 24, 40, NULL, 757, '[]', 'Accepted', 0.15),
(531, 223, 135, '2023-05-19', '2025-08-11 14:56:40', '2025-08-11 14:56:40', 24, 354, NULL, 3932, '[]', 'Accepted', 0.06),
(532, 223, 138, '2024-01-12', '2025-08-11 14:56:40', '2025-08-11 14:56:40', 24, 819, NULL, 10137, '[]', 'Accepted', 0.16),
(533, 223, 135, '2025-08-04', '2025-08-11 14:56:40', '2025-08-11 14:56:40', 24, 0, NULL, 1, '[]', 'Accepted', 0.07),
(535, 223, 138, '2024-05-27', '2025-08-11 14:56:40', '2025-08-11 14:56:40', 24, 620, NULL, 14876, '[]', 'Accepted', 0.08),
(536, 223, 130, '2023-09-02', '2025-08-11 14:56:40', '2025-08-11 14:56:40', 24, 359, NULL, 4253, '[]', 'Accepted', 0.08),
(537, 223, 138, '2024-12-17', '2025-08-11 14:56:40', '2025-08-11 14:56:40', 24, 992, 'Average yield', 9065, '[]', 'Accepted', 0.21),
(538, 223, 135, '2023-04-01', '2025-08-11 14:56:40', '2025-08-11 14:56:40', 24, 132, 'Good quality', 2384, '[]', 'Accepted', 0.21),
(539, 223, 138, '2025-07-01', '2025-08-11 14:56:40', '2025-08-11 14:56:40', 24, 511, NULL, 4842, '[]', 'Accepted', 0.17),
(540, 223, 131, '2022-02-04', '2025-08-11 14:56:40', '2025-08-11 14:56:40', 24, 740, 'Good quality', 4210, '[]', 'Accepted', 0.17),
(541, 224, 135, '2021-09-27', '2025-08-11 14:56:47', '2025-08-11 14:56:47', 25, 884, NULL, 9653, '[]', 'Accepted', 1.74),
(542, 224, 130, '2022-03-04', '2025-08-11 14:56:47', '2025-08-11 14:56:47', 25, 645, NULL, 12732, '[]', 'Accepted', 1.77),
(543, 224, 135, '2024-11-17', '2025-08-11 14:56:47', '2025-08-11 14:56:47', 25, 600, 'Good quality', 6192, '[]', 'Accepted', 1),
(544, 224, 135, '2021-05-12', '2025-08-11 14:56:47', '2025-08-11 14:56:47', 25, 588, 'Good quality', 6177, '[]', 'Accepted', 0.22),
(545, 224, 131, '2021-10-09', '2025-08-11 14:56:47', '2025-08-11 14:56:47', 25, 32, 'Some pest damage', 442, '[]', 'Accepted', 0.4),
(546, 224, 138, '2025-02-22', '2025-08-11 14:56:47', '2025-08-11 14:56:47', 25, 489, NULL, 2675, '[]', 'Accepted', 1.39),
(547, 224, 138, '2023-05-19', '2025-08-11 14:56:47', '2025-08-11 14:56:47', 25, 66, NULL, 1615, '[]', 'Accepted', 2.04),
(548, 224, 135, '2022-05-13', '2025-08-11 14:56:47', '2025-08-11 14:56:47', 25, 772, 'Some pest damage', 17722, '[]', 'Accepted', 2),
(550, 224, 131, '2025-01-15', '2025-08-11 14:56:47', '2025-08-11 14:56:47', 25, 539, NULL, 10099, '[]', 'Accepted', 1.6),
(551, 224, 131, '2021-05-02', '2025-08-11 14:56:47', '2025-08-11 14:56:47', 25, 73, NULL, 1007, '[]', 'Accepted', 0.74),
(552, 224, 138, '2021-06-21', '2025-08-11 14:56:47', '2025-08-11 14:56:47', 25, 415, 'Excellent harvest', 8149, '[]', 'Accepted', 1.39),
(553, 224, 131, '2021-10-26', '2025-08-11 14:56:47', '2025-08-11 14:56:47', 25, 535, 'Average yield', 4333, '[]', 'Accepted', 1.41),
(554, 224, 131, '2024-08-19', '2025-08-11 14:56:47', '2025-08-11 14:56:47', 25, 617, NULL, 14359, '[]', 'Accepted', 0.78),
(555, 224, 130, '2025-07-10', '2025-08-11 14:56:47', '2025-08-11 14:56:47', 25, 424, NULL, 6304, '[]', 'Accepted', 0.34),
(556, 224, 138, '2022-11-27', '2025-08-11 14:56:47', '2025-08-11 14:56:47', 25, 150, NULL, 3734, '[]', 'Accepted', 1.53),
(558, 224, 135, '2021-07-21', '2025-08-11 14:56:47', '2025-08-11 14:56:47', 25, 365, 'Some pest damage', 4798, '[]', 'Accepted', 1.62),
(559, 224, 131, '2025-05-08', '2025-08-11 14:56:47', '2025-08-11 14:56:47', 25, 770, 'Excellent harvest', 16927, '[]', 'Accepted', 0.91),
(560, 224, 131, '2024-10-04', '2025-08-11 14:56:47', '2025-08-11 14:56:47', 25, 671, NULL, 3545, '[]', 'Accepted', 0.57),
(561, 225, 129, '2022-04-27', '2025-08-11 14:56:50', '2025-08-11 14:56:50', 28, 395, NULL, 9281, '[]', 'Accepted', 0.39),
(562, 225, 129, '2022-12-26', '2025-08-11 14:56:50', '2025-08-11 14:56:50', 28, 95, 'Excellent harvest', 2328, '[]', 'Accepted', 1.67),
(563, 225, 129, '2023-06-23', '2025-08-11 14:56:50', '2025-08-11 14:56:50', 28, 545, NULL, 5436, '[]', 'Accepted', 2.51),
(564, 225, 129, '2021-08-25', '2025-08-11 14:56:50', '2025-08-11 14:56:50', 28, 301, NULL, 6927, '[]', 'Accepted', 2.02),
(565, 225, 129, '2025-11-20', '2025-08-11 14:56:50', '2025-08-11 14:56:50', 28, 795, NULL, 19631, '[]', 'Accepted', 0.47),
(566, 225, 129, '2023-01-11', '2025-08-11 14:56:50', '2025-08-11 14:56:50', 28, 236, 'Excellent harvest', 1401, '[]', 'Accepted', 1.15),
(567, 225, 129, '2023-12-12', '2025-08-11 14:56:50', '2025-08-11 14:56:50', 28, 528, NULL, 5627, '[]', 'Accepted', 0.87),
(568, 225, 129, '2024-01-22', '2025-08-11 14:56:50', '2025-08-11 14:56:50', 28, 434, NULL, 3813, '[]', 'Accepted', 1.9),
(569, 225, 129, '2025-08-17', '2025-08-11 14:56:50', '2025-08-11 14:56:50', 28, 146, 'Excellent harvest', 3452, '[]', 'Accepted', 1.94),
(570, 225, 129, '2022-11-23', '2025-08-11 14:56:50', '2025-08-11 14:56:50', 28, 736, NULL, 4474, '[]', 'Accepted', 2.03),
(571, 225, 129, '2021-06-25', '2025-08-11 14:56:50', '2025-08-11 14:56:50', 28, 908, 'Excellent harvest', 10625, '[]', 'Accepted', 0.4),
(572, 225, 129, '2025-06-24', '2025-08-11 14:56:50', '2025-08-11 14:56:50', 28, 428, 'Average yield', 5403, '[]', 'Accepted', 2.77),
(573, 225, 129, '2023-06-03', '2025-08-11 14:56:50', '2025-08-11 14:56:50', 28, 836, NULL, 11869, '[]', 'Accepted', 2.32),
(574, 225, 129, '2023-06-14', '2025-08-11 14:56:50', '2025-08-11 14:56:50', 28, 900, NULL, 10745, '[]', 'Accepted', 2.75),
(575, 225, 129, '2022-03-16', '2025-08-11 14:56:50', '2025-08-11 14:56:50', 28, 314, 'Some pest damage', 7057, '[]', 'Accepted', 1.35),
(576, 225, 129, '2023-12-31', '2025-08-11 14:56:50', '2025-08-11 14:56:50', 28, 105, NULL, 1140, '[]', 'Accepted', 2.07),
(577, 225, 129, '2023-08-24', '2025-08-11 14:56:50', '2025-08-11 14:56:50', 28, 180, NULL, 2739, '[]', 'Accepted', 0.65),
(578, 225, 129, '2023-07-22', '2025-08-11 14:56:50', '2025-08-11 14:56:50', 28, 192, NULL, 3775, '[]', 'Accepted', 2.77),
(579, 225, 129, '2022-02-14', '2025-08-11 14:56:50', '2025-08-11 14:56:50', 28, 877, 'Average yield', 18143, '[]', 'Accepted', 0.4),
(580, 225, 129, '2024-06-08', '2025-08-11 14:56:50', '2025-08-11 14:56:50', 28, 205, NULL, 2602, '[]', 'Accepted', 2.81),
(581, 225, 129, '2023-09-13', '2025-08-11 14:56:50', '2025-08-11 14:56:50', 29, 5, 'Excellent harvest', 32, '[]', 'Accepted', 1.13),
(582, 225, 129, '2023-12-04', '2025-08-11 14:56:50', '2025-08-11 14:56:50', 29, 437, NULL, 4476, '[]', 'Accepted', 0.25),
(583, 225, 129, '2023-05-24', '2025-08-11 14:56:50', '2025-08-11 14:56:50', 29, 905, NULL, 8164, '[]', 'Accepted', 1.83),
(584, 225, 129, '2021-03-12', '2025-08-11 14:56:50', '2025-08-11 14:56:50', 29, 619, NULL, 15127, '[]', 'Accepted', 1.17),
(585, 225, 129, '2025-11-25', '2025-08-11 14:56:50', '2025-08-11 14:56:50', 29, 955, NULL, 18748, '[]', 'Accepted', 1.65),
(586, 225, 129, '2021-08-25', '2025-08-11 14:56:50', '2025-08-11 14:56:50', 29, 310, NULL, 2957, '[]', 'Accepted', 1.71),
(587, 225, 129, '2021-01-10', '2025-08-11 14:56:50', '2025-08-11 14:56:50', 29, 986, 'Good quality', 8000, '[]', 'Accepted', 0.57),
(588, 225, 129, '2025-11-10', '2025-08-11 14:56:50', '2025-08-11 14:56:50', 29, 11, NULL, 168, '[]', 'Accepted', 1.78),
(589, 225, 129, '2021-04-22', '2025-08-11 14:56:50', '2025-08-11 14:56:50', 29, 731, NULL, 8229, '[]', 'Accepted', 0.44),
(590, 225, 129, '2021-06-20', '2025-08-11 14:56:50', '2025-08-11 14:56:50', 29, 746, 'Good quality', 5549, '[]', 'Accepted', 1.92),
(591, 225, 129, '2025-09-01', '2025-08-11 14:56:50', '2025-08-11 14:56:50', 29, 890, NULL, 16473, '[]', 'Accepted', 1.13),
(592, 225, 129, '2021-12-18', '2025-08-11 14:56:50', '2025-08-11 14:56:50', 29, 641, NULL, 15040, '[]', 'Accepted', 0.65),
(593, 225, 129, '2023-09-18', '2025-08-11 14:56:50', '2025-08-11 14:56:50', 29, 599, 'Excellent harvest', 8548, '[]', 'Accepted', 1.38),
(594, 225, 129, '2023-01-31', '2025-08-11 14:56:50', '2025-08-11 14:56:50', 29, 89, NULL, 929, '[]', 'Accepted', 1.83),
(595, 225, 129, '2021-08-22', '2025-08-11 14:56:50', '2025-08-11 14:56:50', 29, 941, NULL, 8994, '[]', 'Accepted', 1.3),
(596, 225, 129, '2023-01-18', '2025-08-11 14:56:50', '2025-08-11 14:56:50', 29, 341, NULL, 4626, '[]', 'Accepted', 0.84),
(597, 225, 129, '2024-01-16', '2025-08-11 14:56:50', '2025-08-11 14:56:50', 29, 531, NULL, 8309, '[]', 'Accepted', 1.66),
(598, 225, 129, '2025-05-12', '2025-08-11 14:56:50', '2025-08-11 14:56:50', 29, 130, NULL, 3127, '[]', 'Accepted', 1.87),
(599, 225, 129, '2023-07-18', '2025-08-11 14:56:50', '2025-08-11 14:56:50', 29, 488, NULL, 5827, '[]', 'Accepted', 1.97),
(600, 225, 129, '2024-06-04', '2025-08-11 14:56:50', '2025-08-11 14:56:50', 29, 880, NULL, 18293, '[]', 'Accepted', 0.42),
(601, 225, 132, '2024-04-13', '2025-08-11 14:56:50', '2025-08-11 14:56:50', 30, 921, 'Some pest damage', 16646, '[]', 'Accepted', 0.03),
(602, 225, 132, '2023-07-09', '2025-08-11 14:56:50', '2025-08-11 14:56:50', 30, 975, NULL, 6958, '[]', 'Accepted', 0.02),
(603, 225, 132, '2022-03-25', '2025-08-11 14:56:50', '2025-08-11 14:56:50', 30, 910, 'Good quality', 22090, '[]', 'Accepted', 0.05),
(604, 225, 132, '2023-03-16', '2025-08-11 14:56:50', '2025-08-11 14:56:50', 30, 282, NULL, 5948, '[]', 'Accepted', 0.03),
(605, 225, 132, '2025-06-02', '2025-08-11 14:56:50', '2025-08-11 14:56:50', 30, 92, NULL, 1915, '[]', 'Accepted', 0.02),
(606, 225, 132, '2023-03-17', '2025-08-11 14:56:50', '2025-08-11 14:56:50', 30, 256, NULL, 1861, '[]', 'Accepted', 0.06),
(607, 225, 132, '2025-05-03', '2025-08-11 14:56:51', '2025-08-11 14:56:51', 30, 483, NULL, 9276, '[]', 'Accepted', 0.02),
(608, 225, 132, '2022-11-21', '2025-08-11 14:56:51', '2025-08-11 14:56:51', 30, 803, NULL, 5524, '[]', 'Accepted', 0.06),
(609, 225, 132, '2025-07-03', '2025-08-11 14:56:51', '2025-08-11 14:56:51', 30, 282, 'Average yield', 6209, '[]', 'Accepted', 0.02),
(610, 225, 132, '2021-07-11', '2025-08-11 14:56:51', '2025-08-11 14:56:51', 30, 141, NULL, 2641, '[]', 'Accepted', 0.02),
(611, 225, 132, '2025-02-16', '2025-08-11 14:56:51', '2025-08-11 14:56:51', 30, 577, NULL, 6337, '[]', 'Accepted', 0.03),
(612, 225, 132, '2025-12-14', '2025-08-11 14:56:51', '2025-08-11 14:56:51', 30, 105, NULL, 2517, '[]', 'Accepted', 0.03),
(613, 225, 132, '2022-03-21', '2025-08-11 14:56:51', '2025-08-11 14:56:51', 30, 626, 'Excellent harvest', 5614, '[]', 'Accepted', 0.06),
(614, 225, 132, '2025-01-31', '2025-08-11 14:56:51', '2025-08-11 14:56:51', 30, 345, NULL, 3230, '[]', 'Accepted', 0.03),
(615, 225, 132, '2023-04-27', '2025-08-11 14:56:51', '2025-08-11 14:56:51', 30, 676, NULL, 14612, '[]', 'Accepted', 0.05),
(616, 225, 132, '2024-07-24', '2025-08-11 14:56:51', '2025-08-11 14:56:51', 30, 724, NULL, 13225, '[]', 'Accepted', 0.06),
(617, 225, 132, '2025-10-04', '2025-08-11 14:56:51', '2025-08-11 14:56:51', 30, 529, 'Some pest damage', 11923, '[]', 'Accepted', 0.01),
(618, 225, 132, '2023-09-30', '2025-08-11 14:56:51', '2025-08-11 14:56:51', 30, 670, NULL, 3750, '[]', 'Accepted', 0.06),
(619, 225, 132, '2021-12-10', '2025-08-11 14:56:51', '2025-08-11 14:56:51', 30, 816, NULL, 20142, '[]', 'Accepted', 0.03),
(620, 225, 132, '2025-07-03', '2025-08-11 14:56:51', '2025-08-11 14:56:51', 30, 165, NULL, 3261, '[]', 'Accepted', 0.03),
(626, 223, 122, '2025-08-24', '2025-08-24 11:35:04', '2025-08-24 11:35:04', 24, 55, '', NULL, '[]', 'Accepted', 0.216),
(627, 222, 143, '2025-08-24', '2025-08-24 11:35:53', '2025-08-24 11:35:53', 22, 55, '', NULL, '[]', 'Accepted', 1.255),
(628, 212, 122, '2025-08-31', '2025-08-31 10:13:50', '2025-08-31 10:13:50', 1, 55, '', NULL, '[]', 'Accepted', 0.066),
(630, 212, 137, '2025-09-25', '2025-09-25 09:34:38', '2025-09-25 09:34:38', 1, 55, '', NULL, '[]', 'Accepted', 0.066),
(631, 212, 137, '2025-09-25', '2025-09-25 09:35:25', '2025-09-25 09:35:25', 2, 33, '', NULL, '[]', 'Accepted', 0.078),
(632, 212, 122, '2025-09-25', '2025-09-25 13:31:55', '2025-09-25 13:31:55', 1, 5, '', NULL, '[]', 'Accepted', 0.066),
(634, 223, 143, '2025-09-30', '2025-09-30 11:44:54', '2025-09-30 11:44:54', 24, 33, '', NULL, '[]', 'Accepted', 0.216),
(635, 236, 124, '2025-10-01', '2025-10-01 02:44:45', '2025-10-02 08:11:58', 55, 12, '', 0, '[]', 'Accepted', 0.587),
(636, 234, 143, '2025-07-15', '2025-10-17 07:21:31', '2025-10-17 07:21:31', 54, 208, NULL, 3863, '[]', 'Accepted', 0.28),
(637, 234, 143, '2024-10-09', '2025-10-17 07:21:31', '2025-10-17 07:21:31', 54, 620, 'Good quality', 8745, '[]', 'Accepted', 0.96),
(638, 234, 143, '2025-12-24', '2025-10-17 07:21:31', '2025-10-17 07:21:31', 54, 319, NULL, 6770, '[]', 'Accepted', 0.25),
(639, 234, 143, '2021-06-04', '2025-10-17 07:21:31', '2025-10-17 07:21:31', 54, 900, NULL, 9663, '[]', 'Accepted', 0.87),
(640, 234, 143, '2023-07-20', '2025-10-17 07:21:32', '2025-10-17 07:21:32', 54, 10, NULL, 191, '[]', 'Accepted', 0.84),
(641, 234, 143, '2024-12-25', '2025-10-17 07:21:32', '2025-10-17 07:21:32', 54, 634, 'Good quality', 4519, '[]', 'Accepted', 0.43),
(642, 234, 143, '2022-05-18', '2025-10-17 07:21:32', '2025-10-17 07:21:32', 54, 784, NULL, 12125, '[]', 'Accepted', 0.81),
(643, 234, 143, '2023-05-04', '2025-10-17 07:21:33', '2025-10-17 07:21:33', 54, 269, NULL, 5648, '[]', 'Accepted', 1.24),
(644, 234, 143, '2025-01-26', '2025-10-17 07:21:33', '2025-10-17 07:21:33', 54, 74, 'Average yield', 550, '[]', 'Accepted', 1.15),
(645, 234, 143, '2023-02-08', '2025-10-17 07:21:33', '2025-10-17 07:21:33', 54, 30, NULL, 573, '[]', 'Accepted', 0.84),
(646, 234, 143, '2021-08-17', '2025-10-17 07:21:34', '2025-10-17 07:21:34', 54, 665, NULL, 3755, '[]', 'Accepted', 0.51),
(647, 234, 143, '2025-12-21', '2025-10-17 07:21:34', '2025-10-17 07:21:34', 54, 702, NULL, 7866, '[]', 'Accepted', 0.62),
(648, 234, 143, '2022-06-24', '2025-10-17 07:21:34', '2025-10-17 07:21:34', 54, 397, NULL, 2560, '[]', 'Accepted', 0.64),
(649, 234, 143, '2025-04-15', '2025-10-17 07:21:34', '2025-10-17 07:21:34', 54, 790, NULL, 14214, '[]', 'Accepted', 1.28),
(650, 234, 143, '2023-02-07', '2025-10-17 07:21:35', '2025-10-17 07:21:35', 54, 810, NULL, 15473, '[]', 'Accepted', 0.71),
(651, 234, 143, '2025-05-17', '2025-10-17 07:21:35', '2025-10-17 07:21:35', 54, 342, NULL, 5345, '[]', 'Accepted', 0.18),
(652, 234, 143, '2025-04-23', '2025-10-17 07:21:35', '2025-10-17 07:21:35', 54, 885, NULL, 17087, '[]', 'Accepted', 0.71),
(653, 234, 143, '2022-08-09', '2025-10-17 07:21:36', '2025-10-17 07:21:36', 54, 56, NULL, 566, '[]', 'Accepted', 1.35),
(654, 234, 143, '2022-02-28', '2025-10-17 07:21:36', '2025-10-17 07:21:36', 54, 242, NULL, 3427, '[]', 'Accepted', 0.97),
(655, 234, 143, '2025-05-24', '2025-10-17 07:21:36', '2025-10-17 07:21:36', 54, 9, NULL, 174, '[]', 'Accepted', 1),
(656, 234, 141, '2022-11-18', '2025-10-17 07:22:54', '2025-10-17 07:22:54', 54, 958, NULL, 19709, '[]', 'Accepted', 0.8),
(657, 234, 141, '2022-03-13', '2025-10-17 07:22:54', '2025-10-17 07:22:54', 54, 661, 'Average yield', 4111, '[]', 'Accepted', 1.07),
(658, 234, 141, '2022-03-27', '2025-10-17 07:22:55', '2025-10-17 07:22:55', 54, 851, 'Some pest damage', 5045, '[]', 'Accepted', 0.64),
(659, 234, 141, '2025-09-20', '2025-10-17 07:22:55', '2025-10-17 07:22:55', 54, 341, 'Average yield', 7305, '[]', 'Accepted', 1.04),
(660, 234, 141, '2025-09-09', '2025-10-17 07:22:55', '2025-10-17 07:22:55', 54, 508, NULL, 6743, '[]', 'Accepted', 0.92),
(661, 234, 141, '2021-07-04', '2025-10-17 07:22:56', '2025-10-17 07:22:56', 54, 634, NULL, 6004, '[]', 'Accepted', 0.82),
(662, 234, 141, '2025-03-19', '2025-10-17 07:22:56', '2025-10-17 07:22:56', 54, 177, NULL, 3588, '[]', 'Accepted', 0.94),
(663, 234, 141, '2023-04-14', '2025-10-17 07:22:56', '2025-10-17 07:22:56', 54, 600, NULL, 8975, '[]', 'Accepted', 0.77),
(664, 234, 141, '2024-09-10', '2025-10-17 07:22:56', '2025-10-17 07:22:56', 54, 930, 'Average yield', 16002, '[]', 'Accepted', 0.48),
(665, 234, 141, '2025-04-19', '2025-10-17 07:22:57', '2025-10-17 07:22:57', 54, 584, NULL, 5989, '[]', 'Accepted', 0.81),
(666, 234, 141, '2023-05-09', '2025-10-17 07:22:57', '2025-10-17 07:22:57', 54, 933, NULL, 10622, '[]', 'Accepted', 0.19),
(667, 234, 141, '2021-02-22', '2025-10-17 07:22:57', '2025-10-17 07:22:57', 54, 707, NULL, 6856, '[]', 'Accepted', 1.3),
(668, 234, 141, '2021-06-23', '2025-10-17 07:22:58', '2025-10-17 07:22:58', 54, 515, NULL, 10219, '[]', 'Accepted', 1.33),
(669, 234, 141, '2022-04-15', '2025-10-17 07:22:58', '2025-10-17 07:22:58', 54, 981, NULL, 18704, '[]', 'Accepted', 0.97),
(670, 234, 141, '2025-08-03', '2025-10-17 07:22:58', '2025-10-17 07:22:58', 54, 18, NULL, 289, '[]', 'Accepted', 0.61),
(671, 234, 141, '2025-04-19', '2025-10-17 07:22:59', '2025-10-17 07:22:59', 54, 512, NULL, 4518, '[]', 'Accepted', 1.17),
(672, 234, 141, '2022-04-15', '2025-10-17 07:22:59', '2025-10-17 07:22:59', 54, 25, 'Average yield', 350, '[]', 'Accepted', 1.26),
(673, 234, 141, '2024-10-12', '2025-10-17 07:22:59', '2025-10-17 07:22:59', 54, 76, NULL, 1326, '[]', 'Accepted', 0.87),
(674, 234, 141, '2022-12-10', '2025-10-17 07:22:59', '2025-10-17 07:22:59', 54, 475, 'Average yield', 3603, '[]', 'Accepted', 0.17),
(675, 234, 141, '2021-06-11', '2025-10-17 07:23:00', '2025-10-17 07:23:00', 54, 429, NULL, 3129, '[]', 'Accepted', 0.2),
(676, 234, 185, '2023-10-19', '2025-10-17 07:23:33', '2025-10-17 07:23:33', 54, 994, NULL, 19453, '[]', 'Accepted', 0.58),
(677, 234, 185, '2021-03-25', '2025-10-17 07:23:33', '2025-10-17 07:23:33', 54, 638, NULL, 7039, '[]', 'Accepted', 0.72),
(678, 234, 185, '2024-01-21', '2025-10-17 07:23:34', '2025-10-17 07:23:34', 54, 951, NULL, 8135, '[]', 'Accepted', 1.18),
(679, 234, 185, '2022-02-14', '2025-10-17 07:23:34', '2025-10-17 07:23:34', 54, 725, 'Good quality', 12644, '[]', 'Accepted', 1.02),
(680, 234, 185, '2023-07-22', '2025-10-17 07:23:34', '2025-10-17 07:23:34', 54, 201, NULL, 4707, '[]', 'Accepted', 1.32),
(681, 234, 185, '2022-11-28', '2025-10-17 07:23:35', '2025-10-17 07:23:35', 54, 993, NULL, 16948, '[]', 'Accepted', 1.2),
(682, 234, 185, '2024-04-15', '2025-10-17 07:23:35', '2025-10-17 07:23:35', 54, 86, 'Some pest damage', 438, '[]', 'Accepted', 0.65),
(683, 234, 185, '2022-03-25', '2025-10-17 07:23:35', '2025-10-17 07:23:35', 54, 631, NULL, 5422, '[]', 'Accepted', 1.06),
(684, 234, 185, '2022-12-26', '2025-10-17 07:23:35', '2025-10-17 07:23:35', 54, 661, NULL, 10475, '[]', 'Accepted', 0.49),
(685, 234, 185, '2023-10-23', '2025-10-17 07:23:36', '2025-10-17 07:23:36', 54, 404, 'Average yield', 6425, '[]', 'Accepted', 0.97),
(686, 234, 185, '2023-05-19', '2025-10-17 07:23:36', '2025-10-17 07:23:36', 54, 735, NULL, 10584, '[]', 'Accepted', 0.68),
(687, 234, 185, '2025-02-12', '2025-10-17 07:23:36', '2025-10-17 07:23:36', 54, 894, NULL, 7368, '[]', 'Accepted', 0.47),
(688, 234, 185, '2022-08-13', '2025-10-17 07:23:37', '2025-10-17 07:23:37', 54, 76, NULL, 1815, '[]', 'Accepted', 0.42),
(689, 234, 185, '2023-08-09', '2025-10-17 07:23:37', '2025-10-17 07:23:37', 54, 67, 'Good quality', 488, '[]', 'Accepted', 0.63),
(690, 234, 185, '2022-12-03', '2025-10-17 07:23:37', '2025-10-17 07:23:37', 54, 56, NULL, 897, '[]', 'Accepted', 1.25),
(691, 234, 185, '2022-04-11', '2025-10-17 07:23:38', '2025-10-17 07:23:38', 54, 245, NULL, 5400, '[]', 'Accepted', 0.95),
(692, 234, 185, '2023-02-27', '2025-10-17 07:23:38', '2025-10-17 07:23:38', 54, 284, NULL, 4515, '[]', 'Accepted', 0.21),
(693, 234, 185, '2023-06-15', '2025-10-17 07:23:38', '2025-10-17 07:23:38', 54, 495, NULL, 3262, '[]', 'Accepted', 1.01),
(694, 234, 185, '2021-01-13', '2025-10-17 07:23:38', '2025-10-17 07:23:38', 54, 789, NULL, 4278, '[]', 'Accepted', 1.27),
(695, 234, 185, '2024-01-14', '2025-10-17 07:23:39', '2025-10-17 07:23:39', 54, 597, NULL, 7921, '[]', 'Accepted', 0.65),
(696, 234, 182, '2021-10-21', '2025-10-17 07:24:19', '2025-10-17 07:24:19', 54, 842, NULL, 12723, '[]', 'Accepted', 0.65),
(697, 234, 182, '2022-07-18', '2025-10-17 07:24:20', '2025-10-17 07:24:20', 54, 455, 'Some pest damage', 9075, '[]', 'Accepted', 0.46),
(698, 234, 182, '2025-04-03', '2025-10-17 07:24:20', '2025-10-17 07:24:20', 54, 483, NULL, 8840, '[]', 'Accepted', 0.58),
(699, 234, 182, '2025-02-12', '2025-10-17 07:24:20', '2025-10-17 07:24:20', 54, 577, NULL, 13597, '[]', 'Accepted', 0.36),
(700, 234, 182, '2024-06-24', '2025-10-17 07:24:21', '2025-10-17 07:24:21', 54, 221, NULL, 3928, '[]', 'Accepted', 1.19),
(701, 234, 182, '2025-02-24', '2025-10-17 07:24:21', '2025-10-17 07:24:21', 54, 780, NULL, 11729, '[]', 'Accepted', 0.77),
(702, 234, 182, '2023-11-05', '2025-10-17 07:24:21', '2025-10-17 07:24:21', 54, 150, 'Average yield', 906, '[]', 'Accepted', 0.76),
(703, 234, 182, '2022-12-10', '2025-10-17 07:24:21', '2025-10-17 07:24:21', 54, 501, NULL, 10777, '[]', 'Accepted', 0.34),
(704, 234, 182, '2024-03-21', '2025-10-17 07:24:22', '2025-10-17 07:24:22', 54, 202, NULL, 1609, '[]', 'Accepted', 0.92),
(705, 234, 182, '2021-02-12', '2025-10-17 07:24:22', '2025-10-17 07:24:22', 54, 459, NULL, 3024, '[]', 'Accepted', 0.19),
(706, 234, 182, '2025-05-09', '2025-10-17 07:24:22', '2025-10-17 07:24:22', 54, 315, 'Average yield', 2465, '[]', 'Accepted', 0.32),
(707, 234, 182, '2025-03-13', '2025-10-17 07:24:23', '2025-10-17 07:24:23', 54, 129, NULL, 768, '[]', 'Accepted', 0.27),
(708, 234, 182, '2025-07-03', '2025-10-17 07:24:23', '2025-10-17 07:24:23', 54, 953, 'Some pest damage', 4978, '[]', 'Accepted', 1.07),
(709, 234, 182, '2023-05-24', '2025-10-17 07:24:23', '2025-10-17 07:24:23', 54, 444, NULL, 4269, '[]', 'Accepted', 1.06),
(710, 234, 182, '2025-12-11', '2025-10-17 07:24:24', '2025-10-17 07:24:24', 54, 287, 'Some pest damage', 6900, '[]', 'Accepted', 1.33),
(711, 234, 182, '2022-09-03', '2025-10-17 07:24:24', '2025-10-17 07:24:24', 54, 628, NULL, 13447, '[]', 'Accepted', 0.43),
(712, 234, 182, '2024-11-12', '2025-10-17 07:24:24', '2025-10-17 07:24:24', 54, 899, NULL, 6232, '[]', 'Accepted', 0.68),
(713, 234, 182, '2025-04-16', '2025-10-17 07:24:24', '2025-10-17 07:24:24', 54, 427, NULL, 7402, '[]', 'Accepted', 0.6),
(714, 234, 182, '2022-03-01', '2025-10-17 07:24:25', '2025-10-17 07:24:25', 54, 120, 'Good quality', 2458, '[]', 'Accepted', 0.87),
(715, 234, 182, '2022-06-27', '2025-10-17 07:24:25', '2025-10-17 07:24:25', 54, 905, NULL, 9089, '[]', 'Accepted', 0.73),
(716, 234, 182, '2025-07-12', '2025-10-17 07:24:27', '2025-10-17 07:24:27', 54, 265, NULL, 3935, '[]', 'Accepted', 0.91),
(717, 234, 182, '2022-07-22', '2025-10-17 07:24:27', '2025-10-17 07:24:27', 54, 36, NULL, 616, '[]', 'Accepted', 0.29),
(718, 234, 182, '2025-02-26', '2025-10-17 07:24:28', '2025-10-17 07:24:28', 54, 431, NULL, 4381, '[]', 'Accepted', 1.15),
(719, 234, 182, '2025-04-24', '2025-10-17 07:24:28', '2025-10-17 07:24:28', 54, 484, NULL, 7832, '[]', 'Accepted', 1.09),
(720, 234, 182, '2024-08-20', '2025-10-17 07:24:28', '2025-10-17 07:24:28', 54, 560, 'Average yield', 12798, '[]', 'Accepted', 0.51),
(721, 234, 182, '2024-05-20', '2025-10-17 07:24:28', '2025-10-17 07:24:28', 54, 898, NULL, 18655, '[]', 'Accepted', 0.62),
(722, 234, 182, '2022-10-01', '2025-10-17 07:24:29', '2025-10-17 07:24:29', 54, 860, NULL, 6163, '[]', 'Accepted', 0.4),
(723, 234, 182, '2025-09-04', '2025-10-17 07:24:29', '2025-10-17 07:24:29', 54, 795, NULL, 15711, '[]', 'Accepted', 0.84),
(724, 234, 182, '2021-12-06', '2025-10-17 07:24:29', '2025-10-17 07:24:29', 54, 337, 'Average yield', 6637, '[]', 'Accepted', 1.21),
(725, 234, 182, '2025-03-26', '2025-10-17 07:24:30', '2025-10-17 07:24:30', 54, 412, NULL, 7755, '[]', 'Accepted', 0.7),
(726, 234, 182, '2025-03-03', '2025-10-17 07:24:30', '2025-10-17 07:24:30', 54, 416, 'Average yield', 5235, '[]', 'Accepted', 0.99),
(727, 234, 182, '2022-12-23', '2025-10-17 07:24:30', '2025-10-17 07:24:30', 54, 62, NULL, 1412, '[]', 'Accepted', 0.92),
(728, 234, 182, '2022-10-24', '2025-10-17 07:24:31', '2025-10-17 07:24:31', 54, 98, NULL, 2278, '[]', 'Accepted', 0.25),
(729, 234, 182, '2025-06-11', '2025-10-17 07:24:31', '2025-10-17 07:24:31', 54, 334, NULL, 5160, '[]', 'Accepted', 0.21),
(730, 234, 182, '2023-05-04', '2025-10-17 07:24:31', '2025-10-17 07:24:31', 54, 3, 'Excellent harvest', 40, '[]', 'Accepted', 1.34),
(731, 234, 182, '2024-11-04', '2025-10-17 07:24:32', '2025-10-17 07:24:32', 54, 588, 'Average yield', 11745, '[]', 'Accepted', 1.34),
(732, 234, 182, '2021-06-01', '2025-10-17 07:24:32', '2025-10-17 07:24:32', 54, 685, NULL, 4717, '[]', 'Accepted', 0.82),
(733, 234, 182, '2023-05-13', '2025-10-17 07:24:32', '2025-10-17 07:24:32', 54, 356, NULL, 7689, '[]', 'Accepted', 1.3),
(734, 234, 182, '2023-12-20', '2025-10-17 07:24:32', '2025-10-17 07:24:32', 54, 126, NULL, 688, '[]', 'Accepted', 0.61),
(735, 234, 182, '2025-04-04', '2025-10-17 07:24:33', '2025-10-17 07:24:33', 54, 665, NULL, 5075, '[]', 'Accepted', 1.29),
(736, 234, 130, '2025-05-20', '2025-10-17 07:24:51', '2025-10-17 07:24:51', 54, 996, NULL, 19429, '[]', 'Accepted', 1.1),
(737, 234, 130, '2025-03-10', '2025-10-17 07:24:51', '2025-10-17 07:24:51', 54, 35, NULL, 708, '[]', 'Accepted', 1.08),
(738, 234, 130, '2025-09-11', '2025-10-17 07:24:52', '2025-10-17 07:24:52', 54, 279, NULL, 6615, '[]', 'Accepted', 0.64),
(739, 234, 130, '2024-02-20', '2025-10-17 07:24:52', '2025-10-17 07:24:52', 54, 900, 'Good quality', 11622, '[]', 'Accepted', 0.43),
(740, 234, 130, '2023-08-28', '2025-10-17 07:24:52', '2025-10-17 07:24:52', 54, 949, NULL, 15237, '[]', 'Accepted', 0.74),
(741, 234, 130, '2022-05-08', '2025-10-17 07:24:53', '2025-10-17 07:24:53', 54, 718, NULL, 4224, '[]', 'Accepted', 0.35),
(742, 234, 130, '2024-12-03', '2025-10-17 07:24:53', '2025-10-17 07:24:53', 54, 72, NULL, 1453, '[]', 'Accepted', 1.28),
(743, 234, 130, '2021-12-24', '2025-10-17 07:24:53', '2025-10-17 07:24:53', 54, 585, NULL, 8641, '[]', 'Accepted', 0.86),
(744, 234, 130, '2021-09-19', '2025-10-17 07:24:53', '2025-10-17 07:24:53', 54, 634, NULL, 15789, '[]', 'Accepted', 1),
(745, 234, 130, '2021-04-12', '2025-10-17 07:24:54', '2025-10-17 07:24:54', 54, 891, 'Average yield', 5649, '[]', 'Accepted', 0.59),
(746, 234, 130, '2025-03-04', '2025-10-17 07:24:54', '2025-10-17 07:24:54', 54, 368, NULL, 7926, '[]', 'Accepted', 0.59),
(747, 234, 130, '2023-12-11', '2025-10-17 07:24:54', '2025-10-17 07:24:54', 54, 29, 'Good quality', 532, '[]', 'Accepted', 0.77),
(748, 234, 130, '2021-03-09', '2025-10-17 07:24:55', '2025-10-17 07:24:55', 54, 954, 'Average yield', 12039, '[]', 'Accepted', 1.13),
(749, 234, 130, '2021-04-02', '2025-10-17 07:24:55', '2025-10-17 07:24:55', 54, 287, NULL, 6314, '[]', 'Accepted', 0.4),
(750, 234, 130, '2023-04-05', '2025-10-17 07:24:55', '2025-10-17 07:24:55', 54, 163, 'Good quality', 3116, '[]', 'Accepted', 0.18),
(751, 234, 130, '2025-01-22', '2025-10-17 07:24:56', '2025-10-17 07:24:56', 54, 939, NULL, 21300, '[]', 'Accepted', 0.85),
(752, 234, 130, '2023-10-20', '2025-10-17 07:24:56', '2025-10-17 07:24:56', 54, 535, 'Excellent harvest', 5933, '[]', 'Accepted', 0.67),
(753, 234, 130, '2021-08-20', '2025-10-17 07:24:56', '2025-10-17 07:24:56', 54, 694, NULL, 16281, '[]', 'Accepted', 0.7),
(754, 234, 130, '2023-10-06', '2025-10-17 07:24:56', '2025-10-17 07:24:56', 54, 570, NULL, 6732, '[]', 'Accepted', 1.26),
(755, 234, 130, '2023-05-04', '2025-10-17 07:24:57', '2025-10-17 07:24:57', 54, 612, NULL, 3333, '[]', 'Accepted', 0.16),
(756, 234, 179, '2025-04-24', '2025-10-17 07:26:11', '2025-10-17 07:26:11', 54, 955, NULL, 4994, '[]', 'Accepted', 0.64),
(757, 234, 179, '2024-04-23', '2025-10-17 07:26:12', '2025-10-17 07:26:12', 54, 270, NULL, 5436, '[]', 'Accepted', 0.23),
(758, 234, 179, '2025-08-09', '2025-10-17 07:26:12', '2025-10-17 07:26:12', 54, 845, NULL, 8171, '[]', 'Accepted', 0.25),
(759, 234, 179, '2024-06-22', '2025-10-17 07:26:12', '2025-10-17 07:26:12', 54, 360, 'Some pest damage', 4207, '[]', 'Accepted', 0.53),
(760, 234, 179, '2023-06-07', '2025-10-17 07:26:13', '2025-10-17 07:26:13', 54, 937, 'Excellent harvest', 5615, '[]', 'Accepted', 1.3),
(761, 234, 179, '2024-12-05', '2025-10-17 07:26:13', '2025-10-17 07:26:13', 54, 107, NULL, 1432, '[]', 'Accepted', 0.66),
(762, 234, 179, '2023-12-03', '2025-10-17 07:26:13', '2025-10-17 07:26:13', 54, 181, 'Excellent harvest', 3472, '[]', 'Accepted', 0.81),
(763, 234, 179, '2021-03-05', '2025-10-17 07:26:14', '2025-10-17 07:26:14', 54, 568, 'Average yield', 7622, '[]', 'Accepted', 0.81),
(764, 234, 179, '2024-11-24', '2025-10-17 07:26:14', '2025-10-17 07:26:14', 54, 979, NULL, 13344, '[]', 'Accepted', 0.34),
(765, 234, 179, '2024-10-23', '2025-10-17 07:26:14', '2025-10-17 07:26:14', 54, 192, 'Average yield', 1367, '[]', 'Accepted', 0.82),
(766, 234, 179, '2022-07-25', '2025-10-17 07:26:14', '2025-10-17 07:26:14', 54, 438, NULL, 9204, '[]', 'Accepted', 1),
(767, 234, 179, '2025-01-11', '2025-10-17 07:26:15', '2025-10-17 07:26:15', 54, 246, 'Some pest damage', 5403, '[]', 'Accepted', 0.82),
(768, 234, 179, '2022-01-02', '2025-10-17 07:26:15', '2025-10-17 07:26:15', 54, 113, NULL, 1454, '[]', 'Accepted', 0.62),
(769, 234, 179, '2023-09-06', '2025-10-17 07:26:15', '2025-10-17 07:26:15', 54, 420, NULL, 6558, '[]', 'Accepted', 1.28),
(770, 234, 179, '2024-02-19', '2025-10-17 07:26:16', '2025-10-17 07:26:16', 54, 334, NULL, 5787, '[]', 'Accepted', 0.51),
(771, 234, 179, '2024-09-18', '2025-10-17 07:26:16', '2025-10-17 07:26:16', 54, 806, NULL, 9113, '[]', 'Accepted', 0.61),
(772, 234, 179, '2023-05-10', '2025-10-17 07:26:16', '2025-10-17 07:26:16', 54, 357, NULL, 2488, '[]', 'Accepted', 0.4),
(773, 234, 179, '2024-05-27', '2025-10-17 07:26:17', '2025-10-17 07:26:17', 54, 24, NULL, 249, '[]', 'Accepted', 0.32),
(774, 234, 179, '2022-09-27', '2025-10-17 07:26:17', '2025-10-17 07:26:17', 54, 384, 'Good quality', 9125, '[]', 'Accepted', 0.34),
(775, 234, 179, '2024-02-02', '2025-10-17 07:26:17', '2025-10-17 07:26:17', 54, 895, NULL, 8891, '[]', 'Accepted', 0.91),
(776, 234, 186, '2022-10-16', '2025-10-17 07:26:29', '2025-10-17 07:26:29', 54, 613, 'Good quality', 7376, '[]', 'Accepted', 0.94),
(777, 234, 186, '2021-12-12', '2025-10-17 07:26:30', '2025-10-17 07:26:30', 54, 308, NULL, 5500, '[]', 'Accepted', 0.9),
(778, 234, 186, '2022-01-24', '2025-10-17 07:26:30', '2025-10-17 07:26:30', 54, 230, NULL, 5359, '[]', 'Accepted', 0.94),
(779, 234, 186, '2022-05-26', '2025-10-17 07:26:30', '2025-10-17 07:26:30', 54, 334, NULL, 8017, '[]', 'Accepted', 0.94),
(780, 234, 186, '2022-11-11', '2025-10-17 07:26:31', '2025-10-17 07:26:31', 54, 211, NULL, 3078, '[]', 'Accepted', 0.36),
(781, 234, 186, '2023-07-08', '2025-10-17 07:26:31', '2025-10-17 07:26:31', 54, 176, 'Good quality', 1049, '[]', 'Accepted', 0.14),
(782, 234, 186, '2022-08-12', '2025-10-17 07:26:31', '2025-10-17 07:26:31', 54, 551, NULL, 7072, '[]', 'Accepted', 1.19),
(783, 234, 186, '2021-02-04', '2025-10-17 07:26:32', '2025-10-17 07:26:32', 54, 64, 'Good quality', 374, '[]', 'Accepted', 0.42),
(784, 234, 186, '2021-12-15', '2025-10-17 07:26:32', '2025-10-17 07:26:32', 54, 889, NULL, 5787, '[]', 'Accepted', 0.37),
(785, 234, 186, '2021-10-04', '2025-10-17 07:26:32', '2025-10-17 07:26:32', 54, 37, 'Some pest damage', 533, '[]', 'Accepted', 0.54),
(786, 234, 186, '2025-07-04', '2025-10-17 07:26:32', '2025-10-17 07:26:32', 54, 446, NULL, 9548, '[]', 'Accepted', 0.72),
(787, 234, 186, '2021-07-24', '2025-10-17 07:26:33', '2025-10-17 07:26:33', 54, 441, 'Good quality', 5679, '[]', 'Accepted', 1.17),
(788, 234, 186, '2021-01-09', '2025-10-17 07:26:33', '2025-10-17 07:26:33', 54, 731, NULL, 12738, '[]', 'Accepted', 1.1),
(789, 234, 186, '2021-10-10', '2025-10-17 07:26:33', '2025-10-17 07:26:33', 54, 361, 'Excellent harvest', 6433, '[]', 'Accepted', 0.94),
(790, 234, 186, '2023-06-11', '2025-10-17 07:26:34', '2025-10-17 07:26:34', 54, 245, 'Excellent harvest', 4086, '[]', 'Accepted', 0.37),
(791, 234, 186, '2022-06-09', '2025-10-17 07:26:34', '2025-10-17 07:26:34', 54, 934, NULL, 16703, '[]', 'Accepted', 1.3),
(792, 234, 186, '2022-12-23', '2025-10-17 07:26:34', '2025-10-17 07:26:34', 54, 911, NULL, 13505, '[]', 'Accepted', 0.2),
(793, 234, 186, '2022-11-07', '2025-10-17 07:26:35', '2025-10-17 07:26:35', 54, 800, NULL, 9231, '[]', 'Accepted', 0.14),
(794, 234, 186, '2022-02-20', '2025-10-17 07:26:35', '2025-10-17 07:26:35', 54, 155, NULL, 1377, '[]', 'Accepted', 1),
(795, 234, 186, '2025-07-05', '2025-10-17 07:26:35', '2025-10-17 07:26:35', 54, 295, NULL, 4284, '[]', 'Accepted', 0.54),
(796, 223, 187, '2025-04-24', '2025-10-17 07:28:50', '2025-10-17 07:28:50', 49, 477, 'Excellent harvest', 11188, '[]', 'Accepted', 0.02),
(797, 223, 187, '2023-06-06', '2025-10-17 07:28:51', '2025-10-17 07:28:51', 49, 99, 'Some pest damage', 952, '[]', 'Accepted', 0.03),
(798, 223, 187, '2023-09-20', '2025-10-17 07:28:51', '2025-10-17 07:28:51', 49, 337, NULL, 4536, '[]', 'Accepted', 0.03),
(799, 223, 187, '2024-05-19', '2025-10-17 07:28:51', '2025-10-17 07:28:51', 49, 512, NULL, 5209, '[]', 'Accepted', 0.01),
(800, 223, 187, '2021-12-14', '2025-10-17 07:28:52', '2025-10-17 07:28:52', 49, 150, NULL, 2163, '[]', 'Accepted', 0.01),
(801, 223, 187, '2024-11-27', '2025-10-17 07:28:52', '2025-10-17 07:28:52', 49, 679, NULL, 3979, '[]', 'Accepted', 0.04),
(802, 223, 187, '2025-11-11', '2025-10-17 07:28:52', '2025-10-17 07:28:52', 49, 965, NULL, 17963, '[]', 'Accepted', 0.01),
(803, 223, 187, '2021-11-06', '2025-10-17 07:28:52', '2025-10-17 07:28:52', 49, 62, 'Good quality', 1079, '[]', 'Accepted', 0.05),
(804, 223, 187, '2024-10-03', '2025-10-17 07:28:53', '2025-10-17 07:28:53', 49, 76, NULL, 1432, '[]', 'Accepted', 0.02),
(805, 223, 187, '2024-11-16', '2025-10-17 07:28:53', '2025-10-17 07:28:53', 49, 642, NULL, 5011, '[]', 'Accepted', 0.05),
(806, 223, 187, '2023-07-01', '2025-10-17 07:28:53', '2025-10-17 07:28:53', 49, 673, NULL, 6054, '[]', 'Accepted', 0.02),
(807, 223, 187, '2024-05-03', '2025-10-17 07:28:54', '2025-10-17 07:28:54', 49, 397, 'Some pest damage', 4978, '[]', 'Accepted', 0.05),
(808, 223, 187, '2021-01-11', '2025-10-17 07:28:54', '2025-10-17 07:28:54', 49, 457, NULL, 5130, '[]', 'Accepted', 0.02),
(809, 223, 187, '2023-01-12', '2025-10-17 07:28:54', '2025-10-17 07:28:54', 49, 994, NULL, 9059, '[]', 'Accepted', 0.04),
(810, 223, 187, '2025-10-19', '2025-10-17 07:28:55', '2025-10-17 07:28:55', 49, 121, 'Some pest damage', 2817, '[]', 'Accepted', 0.02),
(811, 223, 187, '2022-10-17', '2025-10-17 07:28:55', '2025-10-17 07:28:55', 49, 177, NULL, 1619, '[]', 'Accepted', 0.05),
(812, 223, 187, '2025-05-16', '2025-10-17 07:28:55', '2025-10-17 07:28:55', 49, 158, NULL, 3784, '[]', 'Accepted', 0.03),
(813, 223, 187, '2021-08-02', '2025-10-17 07:28:55', '2025-10-17 07:28:55', 49, 337, NULL, 3923, '[]', 'Accepted', 0.05),
(814, 223, 187, '2024-05-06', '2025-10-17 07:28:56', '2025-10-17 07:28:56', 49, 784, 'Good quality', 7347, '[]', 'Accepted', 0.04),
(815, 223, 187, '2023-11-03', '2025-10-17 07:28:56', '2025-10-17 07:28:56', 49, 493, 'Excellent harvest', 5412, '[]', 'Accepted', 0.02),
(816, 223, 144, '2022-01-21', '2025-10-17 07:29:23', '2025-10-17 07:29:23', 49, 396, NULL, 5290, '[]', 'Accepted', 0.03),
(817, 223, 144, '2022-12-25', '2025-10-17 07:29:23', '2025-10-17 07:29:23', 49, 149, NULL, 3613, '[]', 'Accepted', 0.02),
(818, 223, 144, '2021-12-28', '2025-10-17 07:29:24', '2025-10-17 07:29:24', 49, 458, NULL, 5045, '[]', 'Accepted', 0.02),
(819, 223, 144, '2021-01-11', '2025-10-17 07:29:24', '2025-10-17 07:29:24', 49, 485, 'Average yield', 11166, '[]', 'Accepted', 0.04),
(820, 223, 144, '2025-05-11', '2025-10-17 07:29:24', '2025-10-17 07:29:24', 49, 231, NULL, 5332, '[]', 'Accepted', 0.01),
(821, 223, 144, '2022-05-22', '2025-10-17 07:29:25', '2025-10-17 07:29:25', 49, 962, 'Good quality', 22639, '[]', 'Accepted', 0.03),
(822, 223, 144, '2025-02-14', '2025-10-17 07:29:25', '2025-10-17 07:29:25', 49, 73, NULL, 1818, '[]', 'Accepted', 0.03),
(823, 223, 144, '2021-02-05', '2025-10-17 07:29:25', '2025-10-17 07:29:25', 49, 369, NULL, 3146, '[]', 'Accepted', 0.05),
(824, 223, 144, '2024-02-13', '2025-10-17 07:29:26', '2025-10-17 07:29:26', 49, 24, 'Average yield', 455, '[]', 'Accepted', 0.05),
(825, 223, 144, '2025-01-28', '2025-10-17 07:29:26', '2025-10-17 07:29:26', 49, 821, NULL, 19244, '[]', 'Accepted', 0.05),
(826, 223, 144, '2023-12-01', '2025-10-17 07:29:26', '2025-10-17 07:29:26', 49, 900, NULL, 5851, '[]', 'Accepted', 0.05),
(827, 223, 144, '2024-04-13', '2025-10-17 07:29:26', '2025-10-17 07:29:26', 49, 786, 'Average yield', 7516, '[]', 'Accepted', 0.05),
(828, 223, 144, '2025-07-04', '2025-10-17 07:29:27', '2025-10-17 07:29:27', 49, 618, NULL, 7007, '[]', 'Accepted', 0.03),
(829, 223, 144, '2024-03-20', '2025-10-17 07:29:27', '2025-10-17 07:29:27', 49, 90, NULL, 2162, '[]', 'Accepted', 0.04),
(830, 223, 144, '2022-06-20', '2025-10-17 07:29:27', '2025-10-17 07:29:27', 49, 330, NULL, 7381, '[]', 'Accepted', 0.02),
(831, 223, 144, '2022-04-28', '2025-10-17 07:29:28', '2025-10-17 07:29:28', 49, 425, NULL, 3518, '[]', 'Accepted', 0.04),
(832, 223, 144, '2022-08-05', '2025-10-17 07:29:28', '2025-10-17 07:29:28', 49, 711, NULL, 7283, '[]', 'Accepted', 0.05),
(833, 223, 144, '2023-03-03', '2025-10-17 07:29:28', '2025-10-17 07:29:28', 49, 337, NULL, 7083, '[]', 'Accepted', 0.02),
(834, 223, 144, '2022-11-09', '2025-10-17 07:29:29', '2025-10-17 07:29:29', 49, 561, NULL, 3693, '[]', 'Accepted', 0.05),
(835, 223, 144, '2023-06-12', '2025-10-17 07:29:29', '2025-10-17 07:29:29', 49, 564, NULL, 9834, '[]', 'Accepted', 0.03),
(836, 223, 161, '2024-07-15', '2025-10-17 07:30:09', '2025-10-17 07:30:09', 49, 760, NULL, 13559, '[]', 'Accepted', 0.02),
(837, 223, 161, '2025-06-22', '2025-10-17 07:30:09', '2025-10-17 07:30:09', 49, 285, NULL, 3146, '[]', 'Accepted', 0.02),
(838, 223, 161, '2023-07-20', '2025-10-17 07:30:10', '2025-10-17 07:30:10', 49, 927, 'Good quality', 11752, '[]', 'Accepted', 0.04),
(839, 223, 161, '2025-01-09', '2025-10-17 07:30:10', '2025-10-17 07:30:10', 49, 391, NULL, 3746, '[]', 'Accepted', 0.05),
(840, 223, 161, '2024-10-28', '2025-10-17 07:30:10', '2025-10-17 07:30:10', 49, 687, NULL, 14583, '[]', 'Accepted', 0.05),
(841, 223, 161, '2025-10-14', '2025-10-17 07:30:11', '2025-10-17 07:30:11', 49, 88, NULL, 803, '[]', 'Accepted', 0.05),
(842, 223, 161, '2021-02-19', '2025-10-17 07:30:11', '2025-10-17 07:30:11', 49, 535, 'Good quality', 3380, '[]', 'Accepted', 0.02),
(843, 223, 161, '2023-03-25', '2025-10-17 07:30:11', '2025-10-17 07:30:11', 49, 903, NULL, 20568, '[]', 'Accepted', 0.03),
(844, 223, 161, '2022-07-07', '2025-10-17 07:30:11', '2025-10-17 07:30:11', 49, 47, NULL, 875, '[]', 'Accepted', 0.03),
(845, 223, 161, '2024-03-06', '2025-10-17 07:30:12', '2025-10-17 07:30:12', 49, 912, NULL, 10234, '[]', 'Accepted', 0.01),
(846, 223, 161, '2021-08-09', '2025-10-17 07:30:12', '2025-10-17 07:30:12', 49, 123, NULL, 1928, '[]', 'Accepted', 0.04),
(847, 223, 161, '2023-05-12', '2025-10-17 07:30:12', '2025-10-17 07:30:12', 49, 679, NULL, 8493, '[]', 'Accepted', 0.05),
(848, 223, 161, '2023-12-27', '2025-10-17 07:30:13', '2025-10-17 07:30:13', 49, 681, NULL, 8806, '[]', 'Accepted', 0.02),
(849, 223, 161, '2023-01-14', '2025-10-17 07:30:13', '2025-10-17 07:30:13', 49, 957, NULL, 17652, '[]', 'Accepted', 0.02),
(850, 223, 161, '2021-04-06', '2025-10-17 07:30:13', '2025-10-17 07:30:13', 49, 885, 'Average yield', 17091, '[]', 'Accepted', 0.04),
(851, 223, 161, '2023-11-02', '2025-10-17 07:30:14', '2025-10-17 07:30:14', 49, 32, NULL, 549, '[]', 'Accepted', 0.03),
(852, 223, 161, '2025-03-28', '2025-10-17 07:30:14', '2025-10-17 07:30:14', 49, 765, 'Some pest damage', 11115, '[]', 'Accepted', 0.02),
(853, 223, 161, '2021-11-04', '2025-10-17 07:30:14', '2025-10-17 07:30:14', 49, 349, NULL, 3122, '[]', 'Accepted', 0.01),
(854, 223, 161, '2023-11-20', '2025-10-17 07:30:14', '2025-10-17 07:30:14', 49, 293, NULL, 5713, '[]', 'Accepted', 0.03),
(855, 223, 161, '2022-03-12', '2025-10-17 07:30:15', '2025-10-17 07:30:15', 49, 964, NULL, 15998, '[]', 'Accepted', 0.03),
(856, 223, 162, '2021-08-08', '2025-10-17 07:30:20', '2025-10-17 07:30:20', 49, 105, NULL, 555, '[]', 'Accepted', 0.02),
(857, 223, 162, '2022-09-04', '2025-10-17 07:30:20', '2025-10-17 07:30:20', 49, 106, NULL, 1713, '[]', 'Accepted', 0.01),
(858, 223, 162, '2022-03-26', '2025-10-17 07:30:21', '2025-10-17 07:30:21', 49, 448, NULL, 9355, '[]', 'Accepted', 0.04),
(859, 223, 162, '2025-09-17', '2025-10-17 07:30:21', '2025-10-17 07:30:21', 49, 766, NULL, 16611, '[]', 'Accepted', 0.01),
(860, 223, 162, '2023-08-22', '2025-10-17 07:30:21', '2025-10-17 07:30:21', 49, 305, NULL, 7406, '[]', 'Accepted', 0.04),
(861, 223, 162, '2023-08-06', '2025-10-17 07:30:22', '2025-10-17 07:30:22', 49, 603, 'Excellent harvest', 7818, '[]', 'Accepted', 0.04),
(862, 223, 162, '2023-10-19', '2025-10-17 07:30:22', '2025-10-17 07:30:22', 49, 845, NULL, 19931, '[]', 'Accepted', 0.02),
(863, 223, 162, '2022-05-24', '2025-10-17 07:30:22', '2025-10-17 07:30:22', 49, 305, NULL, 2437, '[]', 'Accepted', 0.01),
(864, 223, 162, '2021-02-24', '2025-10-17 07:30:22', '2025-10-17 07:30:22', 49, 763, NULL, 4645, '[]', 'Accepted', 0.05),
(865, 223, 162, '2023-11-12', '2025-10-17 07:30:23', '2025-10-17 07:30:23', 49, 138, NULL, 2317, '[]', 'Accepted', 0.05),
(866, 223, 162, '2021-01-28', '2025-10-17 07:30:23', '2025-10-17 07:30:23', 49, 183, NULL, 2792, '[]', 'Accepted', 0.03),
(867, 223, 162, '2023-08-19', '2025-10-17 07:30:23', '2025-10-17 07:30:23', 49, 424, NULL, 4668, '[]', 'Accepted', 0.01),
(868, 223, 162, '2021-12-28', '2025-10-17 07:30:24', '2025-10-17 07:30:24', 49, 174, NULL, 3821, '[]', 'Accepted', 0.04),
(869, 223, 162, '2022-07-24', '2025-10-17 07:30:24', '2025-10-17 07:30:24', 49, 976, NULL, 23254, '[]', 'Accepted', 0.05),
(870, 223, 162, '2024-09-06', '2025-10-17 07:30:24', '2025-10-17 07:30:24', 49, 228, NULL, 5362, '[]', 'Accepted', 0.04),
(871, 223, 162, '2023-11-13', '2025-10-17 07:30:25', '2025-10-17 07:30:25', 49, 761, NULL, 16180, '[]', 'Accepted', 0.03);
INSERT INTO `farmer_yield` (`id`, `farmer_id`, `product_id`, `harvest_date`, `created_at`, `updated_at`, `farm_id`, `volume`, `notes`, `Value`, `images`, `status`, `area_harvested`) VALUES
(872, 223, 162, '2023-06-03', '2025-10-17 07:30:25', '2025-10-17 07:30:25', 49, 542, 'Excellent harvest', 7097, '[]', 'Accepted', 0.04),
(873, 223, 162, '2025-06-01', '2025-10-17 07:30:25', '2025-10-17 07:30:25', 49, 868, 'Good quality', 16258, '[]', 'Accepted', 0.02),
(874, 223, 162, '2021-08-21', '2025-10-17 07:30:25', '2025-10-17 07:30:25', 49, 709, NULL, 8167, '[]', 'Accepted', 0.03),
(875, 223, 162, '2021-01-06', '2025-10-17 07:30:26', '2025-10-17 07:30:26', 49, 258, NULL, 3223, '[]', 'Accepted', 0.04),
(876, 224, 146, '2022-08-21', '2025-10-17 07:36:13', '2025-10-17 07:36:13', 25, 576, NULL, 7444, '[]', 'Accepted', 0.82),
(877, 224, 146, '2024-03-10', '2025-10-17 07:36:14', '2025-10-17 07:36:14', 25, 135, 'Good quality', 1429, '[]', 'Accepted', 0.32),
(878, 224, 146, '2023-01-25', '2025-10-17 07:36:14', '2025-10-17 07:36:14', 25, 267, 'Good quality', 2088, '[]', 'Accepted', 0.3),
(879, 224, 146, '2023-04-09', '2025-10-17 07:36:14', '2025-10-17 07:36:14', 25, 341, 'Some pest damage', 2407, '[]', 'Accepted', 1.6),
(880, 224, 146, '2022-07-22', '2025-10-17 07:36:14', '2025-10-17 07:36:14', 25, 247, NULL, 1436, '[]', 'Accepted', 1.01),
(881, 224, 146, '2022-11-06', '2025-10-17 07:36:15', '2025-10-17 07:36:15', 25, 67, 'Excellent harvest', 1344, '[]', 'Accepted', 1.26),
(882, 224, 146, '2021-07-17', '2025-10-17 07:36:15', '2025-10-17 07:36:15', 25, 611, 'Average yield', 12643, '[]', 'Accepted', 1.49),
(883, 224, 146, '2025-05-19', '2025-10-17 07:36:15', '2025-10-17 07:36:15', 25, 409, NULL, 7708, '[]', 'Accepted', 2.05),
(884, 224, 146, '2024-12-16', '2025-10-17 07:36:16', '2025-10-17 07:36:16', 25, 561, NULL, 5599, '[]', 'Accepted', 0.64),
(885, 224, 146, '2025-05-06', '2025-10-17 07:36:16', '2025-10-17 07:36:16', 25, 100, 'Some pest damage', 573, '[]', 'Accepted', 0.96),
(886, 224, 146, '2023-05-23', '2025-10-17 07:36:16', '2025-10-17 07:36:16', 25, 489, 'Some pest damage', 2816, '[]', 'Accepted', 0.6),
(887, 224, 146, '2022-05-07', '2025-10-17 07:36:17', '2025-10-17 07:36:17', 25, 404, NULL, 9936, '[]', 'Accepted', 1.54),
(888, 224, 147, '2024-05-20', '2025-10-17 07:36:22', '2025-10-17 07:36:22', 25, 889, 'Average yield', 10076, '[]', 'Accepted', 2.01),
(889, 224, 147, '2022-12-28', '2025-10-17 07:36:22', '2025-10-17 07:36:22', 25, 5, 'Excellent harvest', 96, '[]', 'Accepted', 1.38),
(890, 224, 147, '2023-03-17', '2025-10-17 07:36:22', '2025-10-17 07:36:22', 25, 866, NULL, 13870, '[]', 'Accepted', 1.59),
(891, 224, 147, '2024-01-24', '2025-10-17 07:36:23', '2025-10-17 07:36:23', 25, 111, NULL, 2291, '[]', 'Accepted', 0.3),
(892, 224, 147, '2024-10-09', '2025-10-17 07:36:23', '2025-10-17 07:36:23', 25, 895, 'Some pest damage', 14431, '[]', 'Accepted', 1.6),
(893, 224, 147, '2022-10-26', '2025-10-17 07:36:23', '2025-10-17 07:36:23', 25, 614, NULL, 9507, '[]', 'Accepted', 0.33),
(894, 224, 147, '2021-04-23', '2025-10-17 07:36:23', '2025-10-17 07:36:23', 25, 781, NULL, 10874, '[]', 'Accepted', 0.27),
(895, 224, 147, '2024-11-16', '2025-10-17 07:36:24', '2025-10-17 07:36:24', 25, 697, NULL, 6294, '[]', 'Accepted', 0.51),
(896, 224, 147, '2024-10-15', '2025-10-17 07:36:24', '2025-10-17 07:36:24', 25, 106, NULL, 2302, '[]', 'Accepted', 0.95),
(897, 224, 147, '2021-06-20', '2025-10-17 07:36:24', '2025-10-17 07:36:24', 25, 83, 'Some pest damage', 1660, '[]', 'Accepted', 1.2),
(898, 224, 147, '2021-04-26', '2025-10-17 07:36:25', '2025-10-17 07:36:25', 25, 102, NULL, 556, '[]', 'Accepted', 1.44),
(899, 224, 147, '2023-12-03', '2025-10-17 07:36:25', '2025-10-17 07:36:25', 25, 775, NULL, 5476, '[]', 'Accepted', 0.22),
(900, 224, 148, '2023-04-23', '2025-10-17 07:36:30', '2025-10-17 07:36:30', 25, 795, NULL, 5530, '[]', 'Accepted', 1.48),
(901, 224, 148, '2025-01-14', '2025-10-17 07:36:31', '2025-10-17 07:36:31', 25, 658, NULL, 9347, '[]', 'Accepted', 0.82),
(902, 224, 148, '2024-02-19', '2025-10-17 07:36:31', '2025-10-17 07:36:31', 25, 892, NULL, 13021, '[]', 'Accepted', 2.03),
(903, 224, 148, '2025-05-20', '2025-10-17 07:36:31', '2025-10-17 07:36:31', 25, 504, NULL, 9138, '[]', 'Accepted', 0.32),
(904, 224, 148, '2025-05-22', '2025-10-17 07:36:32', '2025-10-17 07:36:32', 25, 158, NULL, 976, '[]', 'Accepted', 1.55),
(905, 224, 148, '2023-06-14', '2025-10-17 07:36:32', '2025-10-17 07:36:32', 25, 114, NULL, 2587, '[]', 'Accepted', 1.84),
(906, 224, 148, '2022-05-07', '2025-10-17 07:36:32', '2025-10-17 07:36:32', 25, 848, NULL, 7142, '[]', 'Accepted', 2.01),
(907, 224, 148, '2024-12-27', '2025-10-17 07:36:33', '2025-10-17 07:36:33', 25, 573, 'Some pest damage', 12535, '[]', 'Accepted', 1.18),
(908, 224, 148, '2024-09-10', '2025-10-17 07:36:33', '2025-10-17 07:36:33', 25, 981, NULL, 15219, '[]', 'Accepted', 1.15),
(909, 224, 148, '2024-05-20', '2025-10-17 07:36:33', '2025-10-17 07:36:33', 25, 246, 'Good quality', 5808, '[]', 'Accepted', 0.84),
(910, 224, 148, '2021-09-20', '2025-10-17 07:36:33', '2025-10-17 07:36:33', 25, 277, NULL, 5553, '[]', 'Accepted', 0.75),
(911, 224, 148, '2022-04-26', '2025-10-17 07:36:34', '2025-10-17 07:36:34', 25, 499, 'Excellent harvest', 5811, '[]', 'Accepted', 1.11),
(912, 224, 149, '2024-12-10', '2025-10-17 07:36:38', '2025-10-17 07:36:38', 25, 392, 'Excellent harvest', 5549, '[]', 'Accepted', 0.21),
(913, 224, 149, '2025-09-13', '2025-10-17 07:36:39', '2025-10-17 07:36:39', 25, 717, 'Good quality', 12425, '[]', 'Accepted', 1.03),
(914, 224, 149, '2024-07-19', '2025-10-17 07:36:39', '2025-10-17 07:36:39', 25, 52, NULL, 570, '[]', 'Accepted', 2.02),
(915, 224, 149, '2023-12-14', '2025-10-17 07:36:39', '2025-10-17 07:36:39', 25, 295, 'Some pest damage', 2588, '[]', 'Accepted', 1.22),
(916, 224, 149, '2024-01-21', '2025-10-17 07:36:40', '2025-10-17 07:36:40', 25, 682, NULL, 8844, '[]', 'Accepted', 1.77),
(917, 224, 149, '2022-03-10', '2025-10-17 07:36:40', '2025-10-17 07:36:40', 25, 588, 'Good quality', 12696, '[]', 'Accepted', 1.41),
(918, 224, 149, '2025-12-22', '2025-10-17 07:36:40', '2025-10-17 07:36:40', 25, 312, NULL, 4768, '[]', 'Accepted', 0.29),
(919, 224, 149, '2021-04-18', '2025-10-17 07:36:41', '2025-10-17 07:36:41', 25, 806, NULL, 8604, '[]', 'Accepted', 0.35),
(920, 224, 149, '2022-11-24', '2025-10-17 07:36:41', '2025-10-17 07:36:41', 25, 675, 'Excellent harvest', 16792, '[]', 'Accepted', 1.84),
(921, 224, 149, '2024-09-09', '2025-10-17 07:36:41', '2025-10-17 07:36:41', 25, 463, NULL, 6247, '[]', 'Accepted', 0.26),
(922, 224, 149, '2023-04-23', '2025-10-17 07:36:41', '2025-10-17 07:36:41', 25, 852, NULL, 17362, '[]', 'Accepted', 1.25),
(923, 224, 149, '2025-10-10', '2025-10-17 07:36:42', '2025-10-17 07:36:42', 25, 254, NULL, 4760, '[]', 'Accepted', 1.36),
(924, 224, 150, '2021-03-28', '2025-10-17 07:38:09', '2025-10-17 07:38:09', 25, 194, NULL, 3158, '[]', 'Accepted', 0.4),
(925, 224, 150, '2025-08-01', '2025-10-17 07:38:09', '2025-10-17 07:38:09', 25, 939, NULL, 7010, '[]', 'Accepted', 0.63),
(926, 224, 150, '2022-09-07', '2025-10-17 07:38:09', '2025-10-17 07:38:09', 25, 926, 'Good quality', 5961, '[]', 'Accepted', 0.5),
(927, 224, 150, '2021-11-18', '2025-10-17 07:38:10', '2025-10-17 07:38:10', 25, 366, NULL, 6608, '[]', 'Accepted', 0.56),
(928, 224, 150, '2023-11-22', '2025-10-17 07:38:10', '2025-10-17 07:38:10', 25, 684, NULL, 13653, '[]', 'Accepted', 1.66),
(929, 224, 150, '2021-02-13', '2025-10-17 07:38:10', '2025-10-17 07:38:10', 25, 740, NULL, 7657, '[]', 'Accepted', 1.09),
(930, 224, 150, '2025-03-14', '2025-10-17 07:38:11', '2025-10-17 07:38:11', 25, 734, NULL, 5965, '[]', 'Accepted', 1.14),
(931, 224, 150, '2021-03-19', '2025-10-17 07:38:11', '2025-10-17 07:38:11', 25, 491, NULL, 8350, '[]', 'Accepted', 2),
(932, 224, 150, '2025-03-27', '2025-10-17 07:38:11', '2025-10-17 07:38:11', 25, 214, 'Excellent harvest', 2924, '[]', 'Accepted', 1.1),
(933, 224, 150, '2024-11-21', '2025-10-17 07:38:12', '2025-10-17 07:38:12', 25, 232, NULL, 4068, '[]', 'Accepted', 1.04),
(934, 224, 150, '2021-07-03', '2025-10-17 07:38:12', '2025-10-17 07:38:12', 25, 505, NULL, 11909, '[]', 'Accepted', 1.95),
(935, 224, 150, '2024-07-16', '2025-10-17 07:38:12', '2025-10-17 07:38:12', 25, 439, NULL, 7614, '[]', 'Accepted', 0.63),
(936, 224, 151, '2021-09-12', '2025-10-17 07:38:44', '2025-10-17 07:38:44', 25, 570, NULL, 3586, '[]', 'Accepted', 0.37),
(937, 224, 151, '2022-08-01', '2025-10-17 07:38:44', '2025-10-17 07:38:44', 25, 161, NULL, 2446, '[]', 'Accepted', 1.68),
(938, 224, 151, '2021-01-24', '2025-10-17 07:38:44', '2025-10-17 07:38:44', 25, 207, 'Some pest damage', 4072, '[]', 'Accepted', 1.21),
(939, 224, 151, '2023-07-03', '2025-10-17 07:38:45', '2025-10-17 07:38:45', 25, 51, NULL, 962, '[]', 'Accepted', 0.32),
(940, 224, 151, '2023-06-15', '2025-10-17 07:38:45', '2025-10-17 07:38:45', 25, 385, 'Average yield', 7814, '[]', 'Accepted', 1.38),
(941, 224, 151, '2021-12-19', '2025-10-17 07:38:45', '2025-10-17 07:38:45', 25, 880, 'Average yield', 18549, '[]', 'Accepted', 1.83),
(942, 224, 151, '2022-04-23', '2025-10-17 07:38:46', '2025-10-17 07:38:46', 25, 337, 'Excellent harvest', 6723, '[]', 'Accepted', 1.03),
(943, 224, 151, '2025-10-14', '2025-10-17 07:38:46', '2025-10-17 07:38:46', 25, 683, 'Some pest damage', 11635, '[]', 'Accepted', 0.33),
(944, 224, 151, '2021-04-18', '2025-10-17 07:38:46', '2025-10-17 07:38:46', 25, 338, 'Some pest damage', 8128, '[]', 'Accepted', 1.02),
(945, 224, 151, '2021-06-28', '2025-10-17 07:38:46', '2025-10-17 07:38:46', 25, 989, NULL, 12605, '[]', 'Accepted', 1.06),
(946, 224, 151, '2023-10-13', '2025-10-17 07:38:47', '2025-10-17 07:38:47', 25, 278, NULL, 6187, '[]', 'Accepted', 0.38),
(947, 224, 151, '2023-04-20', '2025-10-17 07:38:47', '2025-10-17 07:38:47', 25, 943, NULL, 12442, '[]', 'Accepted', 0.39),
(948, 224, 152, '2025-05-19', '2025-10-17 07:39:22', '2025-10-17 07:39:22', 25, 71, NULL, 682, '[]', 'Accepted', 0.52),
(949, 224, 152, '2022-11-12', '2025-10-17 07:39:22', '2025-10-17 07:39:22', 25, 627, NULL, 3791, '[]', 'Accepted', 1.54),
(950, 224, 152, '2021-01-24', '2025-10-17 07:39:23', '2025-10-17 07:39:23', 25, 273, NULL, 5087, '[]', 'Accepted', 0.43),
(951, 224, 152, '2021-05-22', '2025-10-17 07:39:23', '2025-10-17 07:39:23', 25, 357, NULL, 6909, '[]', 'Accepted', 1.12),
(952, 224, 152, '2023-02-26', '2025-10-17 07:39:23', '2025-10-17 07:39:23', 25, 590, NULL, 11626, '[]', 'Accepted', 1.4),
(953, 224, 152, '2025-07-22', '2025-10-17 07:39:24', '2025-10-17 07:39:24', 25, 95, 'Good quality', 2150, '[]', 'Accepted', 1.34),
(954, 224, 152, '2022-08-22', '2025-10-17 07:39:24', '2025-10-17 07:39:24', 25, 298, NULL, 2206, '[]', 'Accepted', 0.23),
(955, 224, 152, '2022-04-21', '2025-10-17 07:39:24', '2025-10-17 07:39:24', 25, 528, NULL, 3034, '[]', 'Accepted', 1.41),
(956, 224, 152, '2024-08-17', '2025-10-17 07:39:24', '2025-10-17 07:39:24', 25, 586, 'Some pest damage', 13798, '[]', 'Accepted', 0.28),
(957, 224, 152, '2022-12-14', '2025-10-17 07:39:25', '2025-10-17 07:39:25', 25, 823, NULL, 19763, '[]', 'Accepted', 1.28),
(958, 224, 152, '2022-04-04', '2025-10-17 07:39:25', '2025-10-17 07:39:25', 25, 615, NULL, 7195, '[]', 'Accepted', 1.02),
(959, 224, 152, '2021-02-07', '2025-10-17 07:39:25', '2025-10-17 07:39:25', 25, 717, NULL, 9256, '[]', 'Accepted', 0.47),
(960, 224, 153, '2025-06-21', '2025-10-17 07:40:02', '2025-10-17 07:40:02', 25, 882, NULL, 9498, '[]', 'Accepted', 1.63),
(961, 224, 153, '2024-07-15', '2025-10-17 07:40:03', '2025-10-17 07:40:03', 25, 514, NULL, 4024, '[]', 'Accepted', 1.71),
(962, 224, 153, '2022-11-05', '2025-10-17 07:40:03', '2025-10-17 07:40:03', 25, 769, 'Some pest damage', 7119, '[]', 'Accepted', 0.58),
(963, 224, 153, '2023-11-24', '2025-10-17 07:40:03', '2025-10-17 07:40:03', 25, 362, NULL, 5840, '[]', 'Accepted', 0.88),
(964, 224, 153, '2022-03-06', '2025-10-17 07:40:04', '2025-10-17 07:40:04', 25, 301, NULL, 2688, '[]', 'Accepted', 1.61),
(965, 224, 153, '2024-03-11', '2025-10-17 07:40:04', '2025-10-17 07:40:04', 25, 296, NULL, 6472, '[]', 'Accepted', 1.87),
(966, 224, 153, '2021-11-28', '2025-10-17 07:40:04', '2025-10-17 07:40:04', 25, 742, 'Good quality', 9523, '[]', 'Accepted', 0.88),
(967, 224, 153, '2022-07-23', '2025-10-17 07:40:04', '2025-10-17 07:40:04', 25, 540, 'Good quality', 8937, '[]', 'Accepted', 0.7),
(968, 224, 153, '2025-12-16', '2025-10-17 07:40:05', '2025-10-17 07:40:05', 25, 865, 'Excellent harvest', 16775, '[]', 'Accepted', 1.57),
(969, 224, 153, '2024-09-09', '2025-10-17 07:40:05', '2025-10-17 07:40:05', 25, 514, NULL, 12208, '[]', 'Accepted', 1.95),
(970, 224, 153, '2024-02-21', '2025-10-17 07:40:05', '2025-10-17 07:40:05', 25, 534, 'Excellent harvest', 3880, '[]', 'Accepted', 0.42),
(971, 224, 153, '2022-08-19', '2025-10-17 07:40:06', '2025-10-17 07:40:06', 25, 188, 'Good quality', 4171, '[]', 'Accepted', 1.39),
(972, 224, 154, '2022-04-17', '2025-10-17 07:40:13', '2025-10-17 07:40:13', 25, 725, NULL, 8930, '[]', 'Accepted', 1.32),
(973, 224, 154, '2023-04-07', '2025-10-17 07:40:14', '2025-10-17 07:40:14', 25, 650, NULL, 9056, '[]', 'Accepted', 1.52),
(974, 224, 154, '2021-01-02', '2025-10-17 07:40:14', '2025-10-17 07:40:14', 25, 643, NULL, 8055, '[]', 'Accepted', 1.69),
(975, 224, 154, '2022-10-03', '2025-10-17 07:40:14', '2025-10-17 07:40:14', 25, 262, NULL, 3999, '[]', 'Accepted', 1.5),
(976, 224, 154, '2024-05-16', '2025-10-17 07:40:15', '2025-10-17 07:40:15', 25, 254, NULL, 4449, '[]', 'Accepted', 1.61),
(977, 224, 154, '2024-06-12', '2025-10-17 07:40:15', '2025-10-17 07:40:15', 25, 51, 'Some pest damage', 1003, '[]', 'Accepted', 2.03),
(978, 224, 154, '2023-09-21', '2025-10-17 07:40:15', '2025-10-17 07:40:15', 25, 978, NULL, 22361, '[]', 'Accepted', 1.51),
(979, 224, 154, '2023-07-22', '2025-10-17 07:40:15', '2025-10-17 07:40:15', 25, 48, NULL, 940, '[]', 'Accepted', 1.73),
(980, 224, 154, '2025-04-11', '2025-10-17 07:40:16', '2025-10-17 07:40:16', 25, 713, NULL, 14424, '[]', 'Accepted', 0.7),
(981, 224, 154, '2025-02-12', '2025-10-17 07:40:16', '2025-10-17 07:40:16', 25, 870, NULL, 7386, '[]', 'Accepted', 0.74),
(982, 224, 154, '2025-07-21', '2025-10-17 07:40:16', '2025-10-17 07:40:16', 25, 905, 'Some pest damage', 15567, '[]', 'Accepted', 1.67),
(983, 224, 154, '2023-02-12', '2025-10-17 07:40:17', '2025-10-17 07:40:17', 25, 376, NULL, 3559, '[]', 'Accepted', 1.64),
(984, 224, 155, '2025-01-08', '2025-10-17 07:40:26', '2025-10-17 07:40:26', 25, 927, NULL, 14876, '[]', 'Accepted', 0.86),
(985, 224, 155, '2021-10-18', '2025-10-17 07:40:26', '2025-10-17 07:40:26', 25, 139, NULL, 3014, '[]', 'Accepted', 0.6),
(986, 224, 155, '2021-02-09', '2025-10-17 07:40:27', '2025-10-17 07:40:27', 25, 98, NULL, 523, '[]', 'Accepted', 1.82),
(987, 224, 155, '2023-02-18', '2025-10-17 07:40:27', '2025-10-17 07:40:27', 25, 594, NULL, 9377, '[]', 'Accepted', 0.78),
(988, 224, 155, '2022-04-09', '2025-10-17 07:40:27', '2025-10-17 07:40:27', 25, 952, 'Excellent harvest', 15105, '[]', 'Accepted', 0.7),
(989, 224, 155, '2023-03-05', '2025-10-17 07:40:27', '2025-10-17 07:40:27', 25, 5, 'Some pest damage', 108, '[]', 'Accepted', 2.02),
(990, 224, 155, '2021-08-24', '2025-10-17 07:40:28', '2025-10-17 07:40:28', 25, 222, NULL, 3595, '[]', 'Accepted', 1.45),
(991, 224, 155, '2024-11-10', '2025-10-17 07:40:28', '2025-10-17 07:40:28', 25, 602, 'Some pest damage', 5819, '[]', 'Accepted', 1.24),
(992, 224, 155, '2023-12-26', '2025-10-17 07:40:28', '2025-10-17 07:40:28', 25, 978, 'Good quality', 9185, '[]', 'Accepted', 1.89),
(993, 224, 155, '2024-04-23', '2025-10-17 07:40:29', '2025-10-17 07:40:29', 25, 615, NULL, 14993, '[]', 'Accepted', 0.95),
(994, 224, 155, '2022-11-14', '2025-10-17 07:40:29', '2025-10-17 07:40:29', 25, 333, 'Excellent harvest', 2709, '[]', 'Accepted', 0.66),
(995, 224, 155, '2023-07-09', '2025-10-17 07:40:29', '2025-10-17 07:40:29', 25, 784, NULL, 5850, '[]', 'Accepted', 1.85),
(996, 224, 156, '2025-02-17', '2025-10-17 07:40:36', '2025-10-17 07:40:36', 25, 594, NULL, 12849, '[]', 'Accepted', 1.13),
(997, 224, 156, '2021-08-14', '2025-10-17 07:40:37', '2025-10-17 07:40:37', 25, 871, 'Average yield', 11226, '[]', 'Accepted', 1.55),
(998, 224, 156, '2025-06-01', '2025-10-17 07:40:37', '2025-10-17 07:40:37', 25, 123, 'Excellent harvest', 719, '[]', 'Accepted', 0.78),
(999, 224, 156, '2025-02-04', '2025-10-17 07:40:37', '2025-10-17 07:40:37', 25, 640, NULL, 15076, '[]', 'Accepted', 1.75),
(1000, 224, 156, '2024-04-02', '2025-10-17 07:40:38', '2025-10-17 07:40:38', 25, 495, NULL, 2493, '[]', 'Accepted', 2.04),
(1001, 224, 156, '2023-07-19', '2025-10-17 07:40:38', '2025-10-17 07:40:38', 25, 200, NULL, 4962, '[]', 'Accepted', 0.36),
(1002, 224, 156, '2025-11-25', '2025-10-17 07:40:38', '2025-10-17 07:40:38', 25, 715, 'Good quality', 14479, '[]', 'Accepted', 0.44),
(1003, 224, 156, '2022-10-15', '2025-10-17 07:40:38', '2025-10-17 07:40:38', 25, 817, NULL, 13697, '[]', 'Accepted', 0.53),
(1004, 224, 156, '2023-10-10', '2025-10-17 07:40:39', '2025-10-17 07:40:39', 25, 345, NULL, 5644, '[]', 'Accepted', 0.39),
(1005, 224, 156, '2022-06-09', '2025-10-17 07:40:39', '2025-10-17 07:40:39', 25, 412, NULL, 3587, '[]', 'Accepted', 0.46),
(1006, 224, 156, '2021-04-25', '2025-10-17 07:40:39', '2025-10-17 07:40:39', 25, 555, NULL, 12673, '[]', 'Accepted', 0.74),
(1007, 224, 156, '2024-09-13', '2025-10-17 07:40:40', '2025-10-17 07:40:40', 25, 555, 'Excellent harvest', 6883, '[]', 'Accepted', 1.9),
(1008, 224, 157, '2022-11-25', '2025-10-17 07:40:49', '2025-10-17 07:40:49', 25, 782, NULL, 14020, '[]', 'Accepted', 1.79),
(1009, 224, 157, '2025-01-03', '2025-10-17 07:40:50', '2025-10-17 07:40:50', 25, 469, NULL, 4713, '[]', 'Accepted', 1.37),
(1010, 224, 157, '2021-01-28', '2025-10-17 07:40:50', '2025-10-17 07:40:50', 25, 604, NULL, 9687, '[]', 'Accepted', 1.68),
(1011, 224, 157, '2024-10-01', '2025-10-17 07:40:50', '2025-10-17 07:40:50', 25, 710, 'Average yield', 8443, '[]', 'Accepted', 1.49),
(1012, 224, 157, '2025-06-06', '2025-10-17 07:40:50', '2025-10-17 07:40:50', 25, 33, NULL, 794, '[]', 'Accepted', 1.63),
(1013, 224, 157, '2025-10-23', '2025-10-17 07:40:51', '2025-10-17 07:40:51', 25, 755, 'Average yield', 6318, '[]', 'Accepted', 1.98),
(1014, 224, 157, '2022-11-03', '2025-10-17 07:40:51', '2025-10-17 07:40:51', 25, 544, NULL, 4719, '[]', 'Accepted', 0.8),
(1015, 224, 157, '2024-12-14', '2025-10-17 07:40:51', '2025-10-17 07:40:51', 25, 308, NULL, 2005, '[]', 'Accepted', 0.22),
(1016, 224, 157, '2022-04-03', '2025-10-17 07:40:52', '2025-10-17 07:40:52', 25, 89, 'Good quality', 1224, '[]', 'Accepted', 0.98),
(1017, 224, 157, '2022-11-04', '2025-10-17 07:40:52', '2025-10-17 07:40:52', 25, 17, NULL, 217, '[]', 'Accepted', 0.51),
(1018, 224, 157, '2025-09-17', '2025-10-17 07:40:52', '2025-10-17 07:40:52', 25, 222, NULL, 2381, '[]', 'Accepted', 0.42),
(1019, 224, 157, '2025-11-15', '2025-10-17 07:40:53', '2025-10-17 07:40:53', 25, 962, 'Some pest damage', 22234, '[]', 'Accepted', 0.26),
(1020, 224, 158, '2022-05-07', '2025-10-17 07:40:59', '2025-10-17 07:40:59', 25, 731, NULL, 12376, '[]', 'Accepted', 0.75),
(1021, 224, 158, '2022-05-18', '2025-10-17 07:40:59', '2025-10-17 07:40:59', 25, 490, NULL, 5928, '[]', 'Accepted', 1.81),
(1022, 224, 158, '2021-01-08', '2025-10-17 07:41:00', '2025-10-17 07:41:00', 25, 294, NULL, 5776, '[]', 'Accepted', 0.71),
(1023, 224, 158, '2024-12-26', '2025-10-17 07:41:00', '2025-10-17 07:41:00', 25, 55, NULL, 935, '[]', 'Accepted', 1.86),
(1024, 224, 158, '2021-03-12', '2025-10-17 07:41:00', '2025-10-17 07:41:00', 25, 512, 'Good quality', 8725, '[]', 'Accepted', 0.51),
(1025, 224, 158, '2022-02-14', '2025-10-17 07:41:00', '2025-10-17 07:41:00', 25, 965, NULL, 13766, '[]', 'Accepted', 1.4),
(1026, 224, 158, '2021-09-28', '2025-10-17 07:41:01', '2025-10-17 07:41:01', 25, 5, 'Excellent harvest', 34, '[]', 'Accepted', 1.23),
(1027, 224, 158, '2021-07-07', '2025-10-17 07:41:01', '2025-10-17 07:41:01', 25, 588, 'Good quality', 14203, '[]', 'Accepted', 0.68),
(1028, 224, 158, '2023-01-11', '2025-10-17 07:41:01', '2025-10-17 07:41:01', 25, 826, NULL, 18789, '[]', 'Accepted', 0.85),
(1029, 224, 158, '2021-07-18', '2025-10-17 07:41:02', '2025-10-17 07:41:02', 25, 841, NULL, 5166, '[]', 'Accepted', 1.51),
(1030, 224, 158, '2025-07-16', '2025-10-17 07:41:02', '2025-10-17 07:41:02', 25, 69, NULL, 1537, '[]', 'Accepted', 1.99),
(1031, 224, 158, '2021-09-20', '2025-10-17 07:41:02', '2025-10-17 07:41:02', 25, 829, NULL, 9894, '[]', 'Accepted', 1.31),
(1032, 224, 160, '2025-07-27', '2025-10-17 07:42:26', '2025-10-17 07:42:26', 25, 23, 'Average yield', 320, '[]', 'Accepted', 1.75),
(1033, 224, 160, '2023-05-23', '2025-10-17 07:42:26', '2025-10-17 07:42:26', 25, 107, NULL, 1042, '[]', 'Accepted', 1.9),
(1034, 224, 160, '2022-07-13', '2025-10-17 07:42:26', '2025-10-17 07:42:26', 25, 72, NULL, 1676, '[]', 'Accepted', 1.3),
(1035, 224, 160, '2022-02-03', '2025-10-17 07:42:26', '2025-10-17 07:42:26', 25, 57, NULL, 928, '[]', 'Accepted', 1.72),
(1036, 224, 160, '2021-08-13', '2025-10-17 07:42:27', '2025-10-17 07:42:27', 25, 318, NULL, 5321, '[]', 'Accepted', 0.45),
(1037, 224, 160, '2024-02-21', '2025-10-17 07:42:27', '2025-10-17 07:42:27', 25, 307, NULL, 7397, '[]', 'Accepted', 0.78),
(1038, 224, 160, '2021-03-15', '2025-10-17 07:42:27', '2025-10-17 07:42:27', 25, 905, NULL, 20342, '[]', 'Accepted', 0.81),
(1039, 224, 160, '2021-03-18', '2025-10-17 07:42:28', '2025-10-17 07:42:28', 25, 481, NULL, 11513, '[]', 'Accepted', 0.72),
(1040, 224, 160, '2023-01-09', '2025-10-17 07:42:28', '2025-10-17 07:42:28', 25, 847, NULL, 20205, '[]', 'Accepted', 1.13),
(1041, 224, 160, '2023-07-05', '2025-10-17 07:42:28', '2025-10-17 07:42:28', 25, 671, NULL, 13682, '[]', 'Accepted', 0.24),
(1042, 224, 160, '2023-05-21', '2025-10-17 07:42:29', '2025-10-17 07:42:29', 25, 445, NULL, 3575, '[]', 'Accepted', 0.87),
(1043, 224, 160, '2023-06-24', '2025-10-17 07:42:29', '2025-10-17 07:42:29', 25, 376, 'Some pest damage', 4055, '[]', 'Accepted', 1.5),
(1044, 215, 163, '2021-10-02', '2025-10-17 07:45:30', '2025-10-17 07:45:30', 13, 936, NULL, 7206, '[]', 'Accepted', 0.01),
(1045, 215, 163, '2024-05-23', '2025-10-17 07:45:30', '2025-10-17 07:45:30', 13, 12, NULL, 245, '[]', 'Accepted', 0.02),
(1046, 215, 163, '2023-02-15', '2025-10-17 07:45:31', '2025-10-17 07:45:31', 13, 704, NULL, 7510, '[]', 'Accepted', 0.05),
(1047, 215, 163, '2025-03-10', '2025-10-17 07:45:31', '2025-10-17 07:45:31', 13, 461, NULL, 7594, '[]', 'Accepted', 0.03),
(1048, 215, 163, '2024-05-01', '2025-10-17 07:45:31', '2025-10-17 07:45:31', 13, 873, NULL, 17291, '[]', 'Accepted', 0.04),
(1049, 215, 163, '2025-03-06', '2025-10-17 07:45:31', '2025-10-17 07:45:31', 13, 899, NULL, 16340, '[]', 'Accepted', 0.04),
(1050, 215, 163, '2023-01-20', '2025-10-17 07:45:32', '2025-10-17 07:45:32', 13, 763, NULL, 9831, '[]', 'Accepted', 0.04),
(1051, 215, 163, '2024-02-26', '2025-10-17 07:45:32', '2025-10-17 07:45:32', 13, 596, NULL, 11911, '[]', 'Accepted', 0.03),
(1052, 215, 163, '2023-10-27', '2025-10-17 07:45:32', '2025-10-17 07:45:32', 13, 410, NULL, 4186, '[]', 'Accepted', 0.04),
(1053, 215, 163, '2023-05-24', '2025-10-17 07:45:33', '2025-10-17 07:45:33', 13, 487, 'Average yield', 10429, '[]', 'Accepted', 0.05),
(1054, 215, 163, '2023-12-12', '2025-10-17 07:45:33', '2025-10-17 07:45:33', 13, 50, NULL, 846, '[]', 'Accepted', 0.04),
(1055, 215, 163, '2024-04-12', '2025-10-17 07:45:33', '2025-10-17 07:45:33', 13, 551, NULL, 10773, '[]', 'Accepted', 0.02),
(1056, 215, 164, '2022-04-19', '2025-10-17 07:45:40', '2025-10-17 07:45:40', 13, 43, 'Average yield', 841, '[]', 'Accepted', 0.03),
(1057, 215, 164, '2025-04-17', '2025-10-17 07:45:40', '2025-10-17 07:45:40', 13, 575, NULL, 5865, '[]', 'Accepted', 0.03),
(1058, 215, 164, '2025-04-23', '2025-10-17 07:45:41', '2025-10-17 07:45:41', 13, 754, NULL, 7431, '[]', 'Accepted', 0.01),
(1059, 215, 164, '2025-05-03', '2025-10-17 07:45:41', '2025-10-17 07:45:41', 13, 663, 'Excellent harvest', 14419, '[]', 'Accepted', 0.02),
(1060, 215, 164, '2025-10-18', '2025-10-17 07:45:41', '2025-10-17 07:45:41', 13, 593, NULL, 12033, '[]', 'Accepted', 0.02),
(1061, 215, 164, '2024-02-12', '2025-10-17 07:45:42', '2025-10-17 07:45:42', 13, 438, 'Average yield', 9542, '[]', 'Accepted', 0.05),
(1062, 215, 164, '2025-05-28', '2025-10-17 07:45:42', '2025-10-17 07:45:42', 13, 127, 'Some pest damage', 1931, '[]', 'Accepted', 0.05),
(1063, 215, 164, '2022-02-15', '2025-10-17 07:45:42', '2025-10-17 07:45:42', 13, 755, NULL, 6103, '[]', 'Accepted', 0.05),
(1064, 215, 164, '2021-12-17', '2025-10-17 07:45:43', '2025-10-17 07:45:43', 13, 593, 'Excellent harvest', 5814, '[]', 'Accepted', 0.03),
(1065, 215, 164, '2023-06-21', '2025-10-17 07:45:43', '2025-10-17 07:45:43', 13, 244, 'Some pest damage', 2115, '[]', 'Accepted', 0.05),
(1066, 215, 164, '2023-09-24', '2025-10-17 07:45:43', '2025-10-17 07:45:43', 13, 385, 'Good quality', 8693, '[]', 'Accepted', 0.03),
(1067, 215, 164, '2022-09-11', '2025-10-17 07:45:43', '2025-10-17 07:45:43', 13, 733, NULL, 18285, '[]', 'Accepted', 0.02),
(1068, 215, 167, '2025-01-04', '2025-10-17 07:46:39', '2025-10-17 07:46:39', 13, 206, NULL, 1470, '[]', 'Accepted', 0.03),
(1069, 215, 167, '2022-09-19', '2025-10-17 07:46:40', '2025-10-17 07:46:40', 13, 369, 'Average yield', 7224, '[]', 'Accepted', 0.05),
(1070, 215, 167, '2024-02-15', '2025-10-17 07:46:40', '2025-10-17 07:46:40', 13, 199, NULL, 1730, '[]', 'Accepted', 0.03),
(1071, 215, 167, '2021-01-27', '2025-10-17 07:46:40', '2025-10-17 07:46:40', 13, 299, 'Some pest damage', 2456, '[]', 'Accepted', 0.04),
(1072, 215, 167, '2021-02-28', '2025-10-17 07:46:40', '2025-10-17 07:46:40', 13, 189, NULL, 2933, '[]', 'Accepted', 0.02),
(1073, 215, 167, '2025-03-21', '2025-10-17 07:46:41', '2025-10-17 07:46:41', 13, 669, NULL, 9195, '[]', 'Accepted', 0.03),
(1074, 215, 167, '2023-07-09', '2025-10-17 07:46:41', '2025-10-17 07:46:41', 13, 393, NULL, 3640, '[]', 'Accepted', 0.01),
(1075, 215, 167, '2022-08-15', '2025-10-17 07:46:41', '2025-10-17 07:46:41', 13, 84, 'Some pest damage', 1789, '[]', 'Accepted', 0.03),
(1076, 215, 167, '2023-05-09', '2025-10-17 07:46:42', '2025-10-17 07:46:42', 13, 378, 'Average yield', 4814, '[]', 'Accepted', 0.02),
(1077, 215, 167, '2025-07-03', '2025-10-17 07:46:42', '2025-10-17 07:46:42', 13, 651, 'Average yield', 10077, '[]', 'Accepted', 0.04),
(1078, 215, 167, '2021-11-11', '2025-10-17 07:46:42', '2025-10-17 07:46:42', 13, 222, NULL, 1172, '[]', 'Accepted', 0.01),
(1079, 215, 167, '2022-07-23', '2025-10-17 07:46:43', '2025-10-17 07:46:43', 13, 166, NULL, 3329, '[]', 'Accepted', 0.01),
(1080, 215, 168, '2021-07-08', '2025-10-17 07:46:49', '2025-10-17 07:46:49', 13, 528, NULL, 7363, '[]', 'Accepted', 0.03),
(1081, 215, 168, '2021-05-17', '2025-10-17 07:46:49', '2025-10-17 07:46:49', 13, 599, 'Good quality', 5415, '[]', 'Accepted', 0.01),
(1082, 215, 168, '2021-04-01', '2025-10-17 07:46:50', '2025-10-17 07:46:50', 13, 449, NULL, 4783, '[]', 'Accepted', 0.02),
(1083, 215, 168, '2024-04-05', '2025-10-17 07:46:50', '2025-10-17 07:46:50', 13, 828, NULL, 4860, '[]', 'Accepted', 0.04),
(1084, 215, 168, '2025-05-01', '2025-10-17 07:46:50', '2025-10-17 07:46:50', 13, 924, NULL, 6399, '[]', 'Accepted', 0.02),
(1085, 215, 168, '2023-09-17', '2025-10-17 07:46:51', '2025-10-17 07:46:51', 13, 299, 'Some pest damage', 5941, '[]', 'Accepted', 0.03),
(1086, 215, 168, '2023-06-24', '2025-10-17 07:46:51', '2025-10-17 07:46:51', 13, 480, NULL, 6070, '[]', 'Accepted', 0.04),
(1087, 215, 168, '2021-09-15', '2025-10-17 07:46:51', '2025-10-17 07:46:51', 13, 998, NULL, 11979, '[]', 'Accepted', 0.03),
(1088, 215, 168, '2024-07-11', '2025-10-17 07:46:51', '2025-10-17 07:46:51', 13, 725, NULL, 11776, '[]', 'Accepted', 0.04),
(1089, 215, 168, '2023-07-11', '2025-10-17 07:46:52', '2025-10-17 07:46:52', 13, 507, 'Average yield', 11161, '[]', 'Accepted', 0.04),
(1090, 215, 168, '2025-09-02', '2025-10-17 07:46:52', '2025-10-17 07:46:52', 13, 532, NULL, 10140, '[]', 'Accepted', 0.03),
(1091, 215, 168, '2024-01-05', '2025-10-17 07:46:52', '2025-10-17 07:46:52', 13, 756, NULL, 5949, '[]', 'Accepted', 0.05),
(1092, 215, 169, '2025-01-13', '2025-10-17 07:47:04', '2025-10-17 07:47:04', 13, 1, NULL, 7, '[]', 'Accepted', 0.03),
(1093, 215, 169, '2022-02-04', '2025-10-17 07:47:04', '2025-10-17 07:47:04', 13, 668, 'Excellent harvest', 4578, '[]', 'Accepted', 0.02),
(1094, 215, 169, '2024-02-18', '2025-10-17 07:47:04', '2025-10-17 07:47:04', 13, 725, NULL, 10296, '[]', 'Accepted', 0.04),
(1095, 215, 169, '2025-03-15', '2025-10-17 07:47:04', '2025-10-17 07:47:04', 13, 510, NULL, 3960, '[]', 'Accepted', 0.05),
(1096, 215, 169, '2025-04-05', '2025-10-17 07:47:05', '2025-10-17 07:47:05', 13, 897, 'Good quality', 4882, '[]', 'Accepted', 0.03),
(1097, 215, 169, '2022-03-25', '2025-10-17 07:47:05', '2025-10-17 07:47:05', 13, 379, 'Some pest damage', 2970, '[]', 'Accepted', 0.04),
(1098, 215, 169, '2022-07-05', '2025-10-17 07:47:05', '2025-10-17 07:47:05', 13, 674, NULL, 9115, '[]', 'Accepted', 0.02),
(1099, 215, 169, '2024-05-18', '2025-10-17 07:47:06', '2025-10-17 07:47:06', 13, 177, NULL, 1174, '[]', 'Accepted', 0.01),
(1100, 215, 169, '2022-10-05', '2025-10-17 07:47:06', '2025-10-17 07:47:06', 13, 550, NULL, 11116, '[]', 'Accepted', 0.04),
(1101, 215, 169, '2023-06-24', '2025-10-17 07:47:06', '2025-10-17 07:47:06', 13, 145, 'Average yield', 3594, '[]', 'Accepted', 0.04),
(1102, 215, 169, '2022-10-08', '2025-10-17 07:47:07', '2025-10-17 07:47:07', 13, 833, NULL, 7220, '[]', 'Accepted', 0.02),
(1103, 215, 169, '2025-05-22', '2025-10-17 07:47:07', '2025-10-17 07:47:07', 13, 15, NULL, 107, '[]', 'Accepted', 0.04),
(1104, 215, 170, '2023-10-20', '2025-10-17 07:47:16', '2025-10-17 07:47:16', 13, 838, NULL, 8287, '[]', 'Accepted', 0.01),
(1105, 215, 170, '2021-12-19', '2025-10-17 07:47:16', '2025-10-17 07:47:16', 13, 378, NULL, 5606, '[]', 'Accepted', 0.03),
(1106, 215, 170, '2024-01-14', '2025-10-17 07:47:17', '2025-10-17 07:47:17', 13, 571, NULL, 7593, '[]', 'Accepted', 0.03),
(1107, 215, 170, '2021-12-27', '2025-10-17 07:47:17', '2025-10-17 07:47:17', 13, 686, 'Average yield', 9848, '[]', 'Accepted', 0.02),
(1108, 215, 170, '2021-10-21', '2025-10-17 07:47:17', '2025-10-17 07:47:17', 13, 958, NULL, 8435, '[]', 'Accepted', 0.03),
(1109, 215, 170, '2023-09-27', '2025-10-17 07:47:18', '2025-10-17 07:47:18', 13, 9, 'Some pest damage', 49, '[]', 'Accepted', 0.02),
(1110, 215, 170, '2021-01-10', '2025-10-17 07:47:18', '2025-10-17 07:47:18', 13, 753, NULL, 4518, '[]', 'Accepted', 0.01),
(1111, 215, 170, '2021-07-10', '2025-10-17 07:47:18', '2025-10-17 07:47:18', 13, 359, 'Excellent harvest', 4276, '[]', 'Accepted', 0.04),
(1112, 215, 170, '2021-07-19', '2025-10-17 07:47:19', '2025-10-17 07:47:19', 13, 902, NULL, 17977, '[]', 'Accepted', 0.03),
(1113, 215, 170, '2021-05-18', '2025-10-17 07:47:19', '2025-10-17 07:47:19', 13, 52, NULL, 845, '[]', 'Accepted', 0.05),
(1114, 215, 170, '2021-05-21', '2025-10-17 07:47:19', '2025-10-17 07:47:19', 13, 855, 'Average yield', 19520, '[]', 'Accepted', 0.04),
(1115, 215, 170, '2022-11-18', '2025-10-17 07:47:20', '2025-10-17 07:47:20', 13, 140, NULL, 1002, '[]', 'Accepted', 0.04),
(1116, 215, 171, '2022-08-27', '2025-10-17 07:48:36', '2025-10-17 07:48:36', 13, 499, NULL, 9918, '[]', 'Accepted', 0.04),
(1117, 215, 171, '2025-08-02', '2025-10-17 07:48:37', '2025-10-17 07:48:37', 13, 785, NULL, 10349, '[]', 'Accepted', 0.03),
(1118, 215, 171, '2024-02-06', '2025-10-17 07:48:37', '2025-10-17 07:48:37', 13, 954, NULL, 12585, '[]', 'Accepted', 0.04),
(1119, 215, 171, '2024-08-21', '2025-10-17 07:48:37', '2025-10-17 07:48:37', 13, 319, NULL, 1786, '[]', 'Accepted', 0.03),
(1120, 215, 171, '2023-10-14', '2025-10-17 07:48:37', '2025-10-17 07:48:37', 13, 224, NULL, 2015, '[]', 'Accepted', 0.04),
(1121, 215, 171, '2023-03-28', '2025-10-17 07:48:38', '2025-10-17 07:48:38', 13, 64, NULL, 1054, '[]', 'Accepted', 0.05),
(1122, 215, 171, '2024-03-27', '2025-10-17 07:48:38', '2025-10-17 07:48:38', 13, 708, 'Good quality', 6797, '[]', 'Accepted', 0.03),
(1123, 215, 171, '2022-09-06', '2025-10-17 07:48:38', '2025-10-17 07:48:38', 13, 252, NULL, 3557, '[]', 'Accepted', 0.05),
(1124, 215, 171, '2024-06-11', '2025-10-17 07:48:39', '2025-10-17 07:48:39', 13, 845, 'Average yield', 10566, '[]', 'Accepted', 0.01),
(1125, 215, 171, '2021-12-10', '2025-10-17 07:48:39', '2025-10-17 07:48:39', 13, 451, NULL, 8218, '[]', 'Accepted', 0.04),
(1126, 215, 171, '2023-03-24', '2025-10-17 07:48:39', '2025-10-17 07:48:39', 13, 644, NULL, 4993, '[]', 'Accepted', 0.04),
(1127, 215, 171, '2024-02-27', '2025-10-17 07:48:40', '2025-10-17 07:48:40', 13, 94, NULL, 1334, '[]', 'Accepted', 0.03),
(1128, 215, 173, '2024-03-18', '2025-10-17 07:48:48', '2025-10-17 07:48:48', 13, 808, NULL, 19195, '[]', 'Accepted', 0.05),
(1129, 215, 173, '2021-06-11', '2025-10-17 07:48:49', '2025-10-17 07:48:49', 13, 826, NULL, 10046, '[]', 'Accepted', 0.05),
(1130, 215, 173, '2021-07-05', '2025-10-17 07:48:49', '2025-10-17 07:48:49', 13, 992, NULL, 15231, '[]', 'Accepted', 0.05),
(1131, 215, 173, '2024-01-05', '2025-10-17 07:48:49', '2025-10-17 07:48:49', 13, 247, NULL, 2931, '[]', 'Accepted', 0.02),
(1132, 215, 173, '2022-10-06', '2025-10-17 07:48:50', '2025-10-17 07:48:50', 13, 218, 'Good quality', 1567, '[]', 'Accepted', 0.03),
(1133, 215, 173, '2022-02-02', '2025-10-17 07:48:50', '2025-10-17 07:48:50', 13, 789, NULL, 13734, '[]', 'Accepted', 0.04),
(1134, 215, 173, '2025-10-11', '2025-10-17 07:48:50', '2025-10-17 07:48:50', 13, 36, 'Excellent harvest', 552, '[]', 'Accepted', 0.03),
(1135, 215, 173, '2022-03-01', '2025-10-17 07:48:51', '2025-10-17 07:48:51', 13, 239, 'Good quality', 5093, '[]', 'Accepted', 0.05),
(1136, 215, 173, '2023-07-27', '2025-10-17 07:48:51', '2025-10-17 07:48:51', 13, 652, NULL, 16239, '[]', 'Accepted', 0.05),
(1137, 215, 173, '2023-02-27', '2025-10-17 07:48:51', '2025-10-17 07:48:51', 13, 572, NULL, 3864, '[]', 'Accepted', 0.02),
(1138, 215, 173, '2025-10-05', '2025-10-17 07:48:51', '2025-10-17 07:48:51', 13, 24, NULL, 297, '[]', 'Accepted', 0.02),
(1139, 215, 173, '2021-08-28', '2025-10-17 07:48:52', '2025-10-17 07:48:52', 13, 609, 'Average yield', 9912, '[]', 'Accepted', 0.03),
(1140, 215, 174, '2022-10-20', '2025-10-17 07:49:00', '2025-10-17 07:49:00', 13, 234, 'Average yield', 5398, '[]', 'Accepted', 0.04),
(1141, 215, 174, '2022-08-17', '2025-10-17 07:49:01', '2025-10-17 07:49:01', 13, 826, NULL, 8317, '[]', 'Accepted', 0.04),
(1142, 215, 174, '2021-06-03', '2025-10-17 07:49:01', '2025-10-17 07:49:01', 13, 416, 'Average yield', 5381, '[]', 'Accepted', 0.02),
(1143, 215, 174, '2025-10-18', '2025-10-17 07:49:01', '2025-10-17 07:49:01', 13, 112, 'Average yield', 847, '[]', 'Accepted', 0.06),
(1144, 215, 174, '2022-05-27', '2025-10-17 07:49:02', '2025-10-17 07:49:02', 13, 256, 'Some pest damage', 2150, '[]', 'Accepted', 0.05),
(1145, 215, 174, '2021-08-25', '2025-10-17 07:49:02', '2025-10-17 07:49:02', 13, 151, NULL, 2176, '[]', 'Accepted', 0.03),
(1146, 215, 174, '2024-06-05', '2025-10-17 07:49:02', '2025-10-17 07:49:02', 13, 785, NULL, 4173, '[]', 'Accepted', 0.06),
(1147, 215, 174, '2021-08-18', '2025-10-17 07:49:02', '2025-10-17 07:49:02', 13, 287, NULL, 2950, '[]', 'Accepted', 0.05),
(1148, 215, 174, '2023-07-28', '2025-10-17 07:49:03', '2025-10-17 07:49:03', 13, 147, 'Some pest damage', 1977, '[]', 'Accepted', 0.04),
(1149, 215, 174, '2023-09-27', '2025-10-17 07:49:03', '2025-10-17 07:49:03', 13, 862, 'Good quality', 18221, '[]', 'Accepted', 0.05),
(1150, 215, 174, '2025-11-01', '2025-10-17 07:49:03', '2025-10-17 07:49:03', 13, 461, NULL, 7599, '[]', 'Accepted', 0.02),
(1151, 215, 174, '2022-05-22', '2025-10-17 07:49:04', '2025-10-17 07:49:04', 13, 538, NULL, 8724, '[]', 'Accepted', 0.02),
(1152, 222, 176, '2021-10-14', '2025-10-17 07:51:02', '2025-10-17 07:51:02', 22, 548, NULL, 10617, '[]', 'Accepted', 0.8),
(1153, 222, 176, '2025-06-21', '2025-10-17 07:51:02', '2025-10-17 07:51:02', 22, 884, 'Good quality', 10525, '[]', 'Accepted', 0.94),
(1154, 222, 176, '2021-03-14', '2025-10-17 07:51:03', '2025-10-17 07:51:03', 22, 82, NULL, 1623, '[]', 'Accepted', 0.34),
(1155, 222, 176, '2023-05-27', '2025-10-17 07:51:03', '2025-10-17 07:51:03', 22, 116, NULL, 1760, '[]', 'Accepted', 0.59),
(1156, 222, 176, '2021-07-19', '2025-10-17 07:51:03', '2025-10-17 07:51:03', 22, 129, NULL, 2086, '[]', 'Accepted', 0.23),
(1157, 222, 176, '2024-07-12', '2025-10-17 07:51:04', '2025-10-17 07:51:04', 22, 223, NULL, 5217, '[]', 'Accepted', 0.82),
(1158, 222, 176, '2024-01-05', '2025-10-17 07:51:04', '2025-10-17 07:51:04', 22, 14, NULL, 239, '[]', 'Accepted', 1.24),
(1159, 222, 176, '2022-04-16', '2025-10-17 07:51:04', '2025-10-17 07:51:04', 22, 181, 'Some pest damage', 3714, '[]', 'Accepted', 0.81),
(1160, 222, 176, '2024-05-22', '2025-10-17 07:51:04', '2025-10-17 07:51:04', 22, 177, NULL, 2326, '[]', 'Accepted', 0.39),
(1161, 222, 176, '2022-04-09', '2025-10-17 07:51:05', '2025-10-17 07:51:05', 22, 163, 'Some pest damage', 2858, '[]', 'Accepted', 0.42),
(1162, 222, 176, '2023-02-20', '2025-10-17 07:51:05', '2025-10-17 07:51:05', 22, 925, NULL, 17120, '[]', 'Accepted', 0.77),
(1163, 222, 176, '2024-11-10', '2025-10-17 07:51:05', '2025-10-17 07:51:05', 22, 139, NULL, 2392, '[]', 'Accepted', 0.72),
(1164, 222, 177, '2022-08-05', '2025-10-17 07:51:12', '2025-10-17 07:51:12', 22, 27, NULL, 482, '[]', 'Accepted', 0.88),
(1165, 222, 177, '2024-10-19', '2025-10-17 07:51:12', '2025-10-17 07:51:12', 22, 785, 'Some pest damage', 8067, '[]', 'Accepted', 0.15),
(1166, 222, 177, '2024-10-26', '2025-10-17 07:51:12', '2025-10-17 07:51:12', 22, 702, NULL, 14150, '[]', 'Accepted', 0.3),
(1167, 222, 177, '2025-05-13', '2025-10-17 07:51:13', '2025-10-17 07:51:13', 22, 714, NULL, 9256, '[]', 'Accepted', 0.74),
(1168, 222, 177, '2021-04-24', '2025-10-17 07:51:13', '2025-10-17 07:51:13', 22, 736, NULL, 15599, '[]', 'Accepted', 1.21),
(1169, 222, 177, '2021-11-06', '2025-10-17 07:51:13', '2025-10-17 07:51:13', 22, 538, 'Some pest damage', 9801, '[]', 'Accepted', 0.88),
(1170, 222, 177, '2025-06-11', '2025-10-17 07:51:13', '2025-10-17 07:51:13', 22, 741, 'Excellent harvest', 12016, '[]', 'Accepted', 1.02),
(1171, 222, 177, '2021-01-16', '2025-10-17 07:51:14', '2025-10-17 07:51:14', 22, 488, NULL, 4371, '[]', 'Accepted', 0.92),
(1172, 222, 177, '2022-01-05', '2025-10-17 07:51:14', '2025-10-17 07:51:14', 22, 511, NULL, 7812, '[]', 'Accepted', 1.03),
(1173, 222, 177, '2023-06-14', '2025-10-17 07:51:14', '2025-10-17 07:51:14', 22, 381, NULL, 2054, '[]', 'Accepted', 1.09),
(1174, 222, 177, '2021-04-10', '2025-10-17 07:51:15', '2025-10-17 07:51:15', 22, 134, 'Good quality', 3219, '[]', 'Accepted', 0.67),
(1175, 222, 177, '2025-03-04', '2025-10-17 07:51:15', '2025-10-17 07:51:15', 22, 243, 'Some pest damage', 4958, '[]', 'Accepted', 0.56),
(1176, 222, 178, '2024-04-01', '2025-10-17 07:51:22', '2025-10-17 07:51:22', 22, 523, NULL, 6081, '[]', 'Accepted', 0.91),
(1177, 222, 178, '2021-03-20', '2025-10-17 07:51:22', '2025-10-17 07:51:22', 22, 85, NULL, 1498, '[]', 'Accepted', 0.39),
(1178, 222, 178, '2022-04-15', '2025-10-17 07:51:22', '2025-10-17 07:51:22', 22, 857, 'Some pest damage', 19331, '[]', 'Accepted', 1.11),
(1179, 222, 178, '2024-06-24', '2025-10-17 07:51:23', '2025-10-17 07:51:23', 22, 401, NULL, 2981, '[]', 'Accepted', 0.26),
(1180, 222, 178, '2023-07-05', '2025-10-17 07:51:23', '2025-10-17 07:51:23', 22, 219, NULL, 2223, '[]', 'Accepted', 0.54),
(1181, 222, 178, '2024-06-02', '2025-10-17 07:51:23', '2025-10-17 07:51:23', 22, 134, NULL, 3265, '[]', 'Accepted', 0.6),
(1182, 222, 178, '2024-10-01', '2025-10-17 07:51:24', '2025-10-17 07:51:24', 22, 881, 'Average yield', 19152, '[]', 'Accepted', 0.18),
(1183, 222, 178, '2024-03-26', '2025-10-17 07:51:24', '2025-10-17 07:51:24', 22, 731, 'Average yield', 3710, '[]', 'Accepted', 0.46),
(1184, 222, 178, '2024-10-26', '2025-10-17 07:51:24', '2025-10-17 07:51:24', 22, 542, NULL, 13250, '[]', 'Accepted', 0.59),
(1185, 222, 178, '2023-12-04', '2025-10-17 07:51:24', '2025-10-17 07:51:24', 22, 273, NULL, 4290, '[]', 'Accepted', 0.74),
(1186, 222, 178, '2024-10-11', '2025-10-17 07:51:25', '2025-10-17 07:51:25', 22, 373, 'Good quality', 8263, '[]', 'Accepted', 1.03),
(1187, 222, 178, '2024-08-16', '2025-10-17 07:51:25', '2025-10-17 07:51:25', 22, 49, NULL, 989, '[]', 'Accepted', 0.47);

-- --------------------------------------------------------

--
-- Table structure for table `farms`
--

CREATE TABLE `farms` (
  `farm_id` int NOT NULL,
  `vertices` longtext CHARACTER SET utf8mb4 COLLATE utf8mb4_bin,
  `farm_name` varchar(255) COLLATE utf8mb4_general_ci DEFAULT NULL,
  `farmer_id` int DEFAULT NULL,
  `products` longtext CHARACTER SET utf8mb4 COLLATE utf8mb4_bin,
  `area` decimal(10,5) DEFAULT NULL,
  `description` varchar(255) COLLATE utf8mb4_general_ci DEFAULT NULL,
  `sector_id` int DEFAULT NULL,
  `parentBarangay` varchar(255) COLLATE utf8mb4_general_ci DEFAULT NULL,
  `created_at` timestamp NULL DEFAULT NULL,
  `updated_at` timestamp NULL DEFAULT NULL,
  `status` varchar(255) COLLATE utf8mb4_general_ci DEFAULT NULL,
  `lake` varchar(255) COLLATE utf8mb4_general_ci DEFAULT NULL
) ENGINE=InnoDB DEFAULT CHARSET=utf8mb4 COLLATE=utf8mb4_general_ci;

--
-- Dumping data for table `farms`
--

INSERT INTO `farms` (`farm_id`, `vertices`, `farm_name`, `farmer_id`, `products`, `area`, `description`, `sector_id`, `parentBarangay`, `created_at`, `updated_at`, `status`, `lake`) VALUES
(1, '[{\"lat\":14.080966517144164,\"lng\":121.32577044491302},{\"lat\":14.080919060405371,\"lng\":121.32605807554037},{\"lat\":14.080732109367313,\"lng\":121.32603435350784},{\"lat\":14.080782442434332,\"lng\":121.32574079227335}]', 'FIsh Cage 1', 212, '[137,122,123 , 136]', 0.06600, NULL, 5, 'Concepcion', '2025-07-30 16:39:29', '2025-09-23 14:02:52', 'Active', 'Sampaloc Lake'),
(2, '[{\"lat\":14.080924544776707,\"lng\":121.3260811221769},{\"lat\":14.08090740788956,\"lng\":121.3262246367427},{\"lat\":14.080847482635132,\"lng\":121.32641114238791},{\"lat\":14.080662731087157,\"lng\":121.32640503091834},{\"lat\":14.08072694956709,\"lng\":121.3260617691252}]', 'Fish Cage 2', 212, '[137,122,123 , 136]', 0.07800, NULL, 5, 'Concepcion', '2025-07-30 16:40:15', '2025-09-23 14:02:57', 'Active', 'Sampaloc Lake'),
(3, '[{\"lat\":14.080438636641036,\"lng\":121.32817448412054},{\"lat\":14.080519650779355,\"lng\":121.32845459388751},{\"lat\":14.080331934979302,\"lng\":121.32852691312088},{\"lat\":14.080250920736725,\"lng\":121.32824374765764}]', 'Fisg Cage 3y', 211, '[137,122,123 , 136]', 0.07000, NULL, 5, 'Concepcion', '2025-07-30 16:41:07', '2025-09-23 14:03:07', 'Active', 'Sampaloc Lake'),
(4, '[{\"lat\":14.080261788486544,\"lng\":121.32866544019508},{\"lat\":14.080159038748908,\"lng\":121.32840264627353},{\"lat\":14.07998910624411,\"lng\":121.32848413275119},{\"lat\":14.080090868169297,\"lng\":121.32874692659504}]', 'Fish Cage 4', 211, '[137,122,123 , 136]', 0.06400, NULL, 5, 'Concepcion', '2025-07-30 16:41:30', '2025-09-21 06:04:27', 'Active', 'Sampaloc Lake'),
(5, '[{\"lat\":14.080295379771801,\"lng\":121.32869090464163},{\"lat\":14.080415913119516,\"lng\":121.32894453131894},{\"lat\":14.08024993277325,\"lng\":121.32903009221374},{\"lat\":14.080115567651646,\"lng\":121.3287683168576}]', 'Fish Cage  5', 211, '[137,122,123 , 136]', 0.06600, NULL, 5, 'Concepcion', '2025-07-30 16:41:51', '2025-09-21 06:05:04', 'Active', 'Sampaloc Lake'),
(8, '[{\"lat\":14.079706636166238,\"lng\":121.33448476467638},{\"lat\":14.079747123593982,\"lng\":121.33466076570494},{\"lat\":14.079558256035424,\"lng\":121.33473995681764},{\"lat\":14.079469696121631,\"lng\":121.334734366937},{\"lat\":14.07942993448416,\"lng\":121.33453685476537},{\"lat\":14.079523012778285,\"lng\":121.33454430808172}]', 'New Farm 8', 210, '[137,122,123 , 136]', 0.06600, NULL, 5, 'Concepcion', '2025-07-30 16:43:35', '2025-09-21 06:05:42', 'Active', 'Sampaloc Lake'),
(9, '[{\"lat\":14.121874779955217,\"lng\":121.33307569146518},{\"lat\":14.121658741808863,\"lng\":121.33286189160437},{\"lat\":14.12153694836028,\"lng\":121.33299047060545},{\"lat\":14.121750086769575,\"lng\":121.33319679483415}]', 'fish cage 8', 213, '[137,122,123 , 136]', 0.06300, NULL, 5, 'San Buenaventura', '2025-07-30 16:46:12', '2025-09-23 14:01:48', 'Active', 'Mojicap Lake'),
(10, '[{\"lat\":14.122092692681646,\"lng\":121.33326803640647},{\"lat\":14.122229385300864,\"lng\":121.33353966360609},{\"lat\":14.122078453865837,\"lng\":121.3336453780429},{\"lat\":14.121901892508244,\"lng\":121.33337081426579}]', 'New Farm 10', 213, '[137,122,123 , 136]', 0.07600, NULL, 5, 'San Buenaventura', '2025-07-30 16:46:46', '2025-09-23 14:01:38', 'Active', 'Mojicap Lake'),
(11, '[{\"lat\":14.122629302180455,\"lng\":121.33303553354176},{\"lat\":14.122753152114118,\"lng\":121.33315760920185},{\"lat\":14.122605624921345,\"lng\":121.33331912466194},{\"lat\":14.122481774907442,\"lng\":121.33319704900184}]', 'New Farm 11', 214, '[137,122,123 , 136]', 0.04600, NULL, 5, 'San Buenaventura', '2025-07-30 16:48:18', '2025-09-23 14:02:04', 'Active', 'Mojicap Lake'),
(12, '[{\"lat\":14.122295045492926,\"lng\":121.33265445648935},{\"lat\":14.122414232820066,\"lng\":121.33280125595206},{\"lat\":14.12218082423271,\"lng\":121.33298902257346},{\"lat\":14.12205667065148,\"lng\":121.3328592928036}]', 'New Farm 12', 214, '[137,122,123 , 136]', 0.06800, NULL, 5, 'San Buenaventura', '2025-07-30 16:48:43', '2025-09-23 14:01:57', 'Active', 'Mojicap Lake'),
(13, '[{\"lat\":14.122534519754586,\"lng\":121.33522964177929},{\"lat\":14.122662685565588,\"lng\":121.33548025681175},{\"lat\":14.122510785330515,\"lng\":121.33555172128872},{\"lat\":14.12238546748695,\"lng\":121.33531383283155}]', 'New Farm 13', 215, '[137,122,123,136,163,164,167,168,169,170,171,173,174]', 0.05600, NULL, 5, 'San Buenaventura', '2025-07-30 16:49:21', '2025-09-23 14:02:13', 'Active', 'Mojicap Lake'),
(14, '[{\"lat\":14.067068112879399,\"lng\":121.36498125685806},{\"lat\":14.067154031520387,\"lng\":121.36550993782929},{\"lat\":14.06712986692188,\"lng\":121.36618255302513},{\"lat\":14.06650695605422,\"lng\":121.36641506199476},{\"lat\":14.066200870016576,\"lng\":121.36516947824401}]', 'New Farm 14', 216, '[133,134,131,130,135]', 1.18200, NULL, 3, 'San Jose', '2025-07-30 16:50:52', '2025-07-30 16:51:16', 'Active', NULL),
(15, '[{\"lat\":14.067681366295977,\"lng\":121.36507389162988},{\"lat\":14.068095788849826,\"lng\":121.3660216186321},{\"lat\":14.067357400659686,\"lng\":121.36639029941286},{\"lat\":14.067285875968249,\"lng\":121.36636210642878},{\"lat\":14.067220661940873,\"lng\":121.36613005403909},{\"lat\":14.067292186893447,\"lng\":121.36589366462356},{\"lat\":14.067264839228663,\"lng\":121.36572450506439},{\"lat\":14.067260631784233,\"lng\":121.36555534567071},{\"lat\":14.067309016347451,\"lng\":121.36524088251068}]', 'New Farm 15', 216, '[131,133,130,134,135]', 0.86100, NULL, 3, 'San Jose', '2025-07-30 16:52:12', '2025-07-30 16:52:25', 'Active', NULL),
(16, '[{\"lat\":14.068101469363144,\"lng\":121.36603938463799},{\"lat\":14.068336257921892,\"lng\":121.36669655709504},{\"lat\":14.067640684082068,\"lng\":121.36696523541517},{\"lat\":14.067327234887316,\"lng\":121.36646600215296}]', 'New Farm 16', 217, '[125,126,127,124]', 0.62400, NULL, 4, 'San Jose', '2025-07-30 16:53:55', '2025-07-30 17:01:42', 'Active', NULL),
(17, '[{\"lat\":14.067134646879511,\"lng\":121.36620446837321},{\"lat\":14.067255206715267,\"lng\":121.36662704420587},{\"lat\":14.067606169241147,\"lng\":121.3674611478864},{\"lat\":14.066703310281449,\"lng\":121.36803839213539},{\"lat\":14.06609783018939,\"lng\":121.36661047265005}]', 'New Farm 17', 217, '[128]', 1.85000, NULL, 1, 'San Jose', '2025-07-30 17:02:39', '2025-07-30 17:02:56', 'Active', NULL),
(18, '[{\"lat\":14.065259814217338,\"lng\":121.36549647892846},{\"lat\":14.06422793623319,\"lng\":121.3660300841586},{\"lat\":14.063593445872202,\"lng\":121.36458418611566},{\"lat\":14.063990837460496,\"lng\":121.36425369518696},{\"lat\":14.0644483378126,\"lng\":121.36450500614232},{\"lat\":14.064945910045141,\"lng\":121.36484926758112}]', 'New Farm 18', 218, '[132]', 1.92300, NULL, 6, 'San Jose', '2025-07-30 17:03:41', '2025-07-30 17:06:04', 'Active', NULL),
(19, '[{\"lat\":14.097930924043329,\"lng\":121.31309144191272},{\"lat\":14.098682799097615,\"lng\":121.3150142625635},{\"lat\":14.098239277560134,\"lng\":121.31523202252029},{\"lat\":14.097411368442266,\"lng\":121.31333533316395}]', 'New Farm 19', 220, '[128]', 1.32100, NULL, 1, 'Santa Maria Magdalena', '2025-07-30 17:07:12', '2025-07-30 17:07:51', 'Active', NULL),
(20, '[{\"lat\":14.0979213271961,\"lng\":121.31474978788978},{\"lat\":14.098174362662055,\"lng\":121.31537127939733},{\"lat\":14.097321777152041,\"lng\":121.31575514163124},{\"lat\":14.097055847170786,\"lng\":121.31517020852225}]', 'New Farm 20', 219, '[128]', 0.74700, NULL, 1, 'Santa Maria Magdalena', '2025-07-30 17:08:58', '2025-07-30 17:09:11', 'Active', NULL),
(21, '[{\"lat\":14.09820868187412,\"lng\":121.31538467536265},{\"lat\":14.098393699211927,\"lng\":121.3160095896148},{\"lat\":14.097115587697735,\"lng\":121.31654898941889},{\"lat\":14.09688803637758,\"lng\":121.31601397491104}]', 'New Farm 21', 221, '[128]', 1.04800, NULL, 1, 'Santa Maria Magdalena', '2025-07-30 17:22:10', '2025-07-30 17:22:30', 'Active', NULL),
(22, '[{\"lat\":14.08428151054963,\"lng\":121.33796315910546},{\"lat\":14.084766766079575,\"lng\":121.33922408506287},{\"lat\":14.084433015692333,\"lng\":121.33961571902158},{\"lat\":14.084154158262228,\"lng\":121.33940292360059},{\"lat\":14.083513004187264,\"lng\":121.33837516729781}]', 'New Farm 22', 222, '[143,224,225,226,227,176,177,178]', 1.25500, NULL, 4, 'Concepcion', '2025-07-30 17:33:21', '2025-07-30 17:33:48', 'Active', NULL),
(23, '[{\"lat\":14.083401068864939,\"lng\":121.3415502648884},{\"lat\":14.083543711305028,\"lng\":121.34185528410435},{\"lat\":14.083173897492054,\"lng\":121.34201324029486},{\"lat\":14.083033896412477,\"lng\":121.34172728489672}]', 'New Farm 23', 222, '[137,122,123 , 136]', 0.15900, NULL, 5, 'Concepcion', '2025-07-30 17:34:40', '2025-09-21 06:09:20', 'Active', 'Bunot Lake'),
(24, '[{\"lat\":14.06545855244224,\"lng\":121.31268078574756},{\"lat\":14.065756255671067,\"lng\":121.31308999214541},{\"lat\":14.065792210139737,\"lng\":121.31329607789709},{\"lat\":14.065933151591473,\"lng\":121.31322787696273},{\"lat\":14.065947533368506,\"lng\":121.31280680946402},{\"lat\":14.065749064776652,\"lng\":121.31259924098991},{\"lat\":14.065613875897633,\"lng\":121.31259331043941}]', 'New Farm 24', 223, '[122,130,131,190,143]', 0.21600, NULL, 3, 'I-B', '2025-07-30 17:41:18', '2025-07-30 17:41:35', 'Active', NULL),
(25, '[{\"lat\":14.014241747424505,\"lng\":121.34039411112138},{\"lat\":14.013415231574404,\"lng\":121.34087261738041},{\"lat\":14.014081441043661,\"lng\":121.34190687750231},{\"lat\":14.0151952556023,\"lng\":121.34110436019208},{\"lat\":14.0148808897673,\"lng\":121.34036407034108},{\"lat\":14.014395807735237,\"lng\":121.34005507984371}]', 'New Farm 25', 224, '[133,130,131,135,134,146,147,148,149,150,151,152,153,154,155,156,157,158,160]', 2.05400, NULL, 3, 'Santiago 1', '2025-07-30 17:47:08', '2025-07-30 17:47:42', 'Active', NULL),
(26, '[{\"lat\":14.087005353521633,\"lng\":121.33689655883053},{\"lat\":14.087310300193437,\"lng\":121.33735502576833},{\"lat\":14.087776318633614,\"lng\":121.3383622843325},{\"lat\":14.085726202723388,\"lng\":121.33902981386117},{\"lat\":14.085483416898791,\"lng\":121.33788659848352}]', 'New Farm 26', 222, '[]', 2.59600, NULL, 2, 'Concepcion', '2025-07-31 04:10:17', '2025-10-15 13:16:27', 'Active', '-'),
(27, '[{\"lat\":14.085076671084032,\"lng\":121.336891677167},{\"lat\":14.085290901939118,\"lng\":121.33735349917633},{\"lat\":14.084515125387266,\"lng\":121.33791906389322},{\"lat\":14.084365812502105,\"lng\":121.3374304696176}]', 'New Farm 27', 222, '[124,125,126,127]', 0.54400, NULL, 4, 'Concepcion', '2025-07-31 04:11:24', '2025-07-31 04:11:41', 'Active', NULL),
(28, '[{\"lat\":14.081314038567783,\"lng\":121.3594332192271},{\"lat\":14.079734419168602,\"lng\":121.35985876966203},{\"lat\":14.079202584629233,\"lng\":121.35835297543113},{\"lat\":14.080940963813884,\"lng\":121.3581647508401}]', 'New Farm 28', 225, '[129]', 2.92600, NULL, 2, 'Santa Isabel', '2025-07-31 04:13:40', '2025-07-31 04:13:58', 'Active', NULL),
(29, '[{\"lat\":14.081059077580946,\"lng\":121.35821978492771},{\"lat\":14.081398118378548,\"lng\":121.3593994958013},{\"lat\":14.082704833619458,\"lng\":121.35856568787244},{\"lat\":14.082807251511642,\"lng\":121.3579576267397},{\"lat\":14.082499997629967,\"lng\":121.35755710754054},{\"lat\":14.081662993693648,\"lng\":121.35766269902135},{\"lat\":14.081747753648768,\"lng\":121.35803044841234}]', 'New Farm 29', 225, '[129]', 2.26300, NULL, 2, 'Santa Isabel', '2025-07-31 04:14:22', '2025-07-31 04:14:36', 'Active', NULL),
(30, '[{\"lat\":14.08171571925855,\"lng\":121.35802711844454},{\"lat\":14.081649977639923,\"lng\":121.35781486471244},{\"lat\":14.081392200806786,\"lng\":121.35788799420212},{\"lat\":14.081466592797339,\"lng\":121.35808241122774}]', 'New Farm 30', 225, '[132]', 0.06700, NULL, 6, 'Santa Isabel', '2025-07-31 04:15:33', '2025-07-31 04:15:49', 'Active', NULL),
(31, '[{\"lat\":14.090136100566408,\"lng\":121.33069511162672},{\"lat\":14.088760806100257,\"lng\":121.32928838628962},{\"lat\":14.087423850300585,\"lng\":121.33086472125497},{\"lat\":14.089358173814325,\"lng\":121.33266425406941}]', 'New Farm 31', 230, '[]', 10.67500, NULL, 5, 'San Diego', '2025-08-12 01:48:25', '2025-08-25 22:37:29', 'Active', NULL),
(32, '[{\"lat\":14.080812726145894,\"lng\":121.32652381180019},{\"lat\":14.080747083428104,\"lng\":121.32678308300156},{\"lat\":14.080573571280828,\"lng\":121.32678384867873},{\"lat\":14.080633704193838,\"lng\":121.32649324680443}]', 'New Farm 32', NULL, '[\"Rice\"]', 0.05900, NULL, 5, 'San Diego', '2025-08-14 11:46:01', '2025-08-14 11:46:01', 'Active', NULL),
(33, '[{\"lat\":14.094650323664979,\"lng\":121.31460577379937},{\"lat\":14.094359589704899,\"lng\":121.31389026585978},{\"lat\":14.092570397385778,\"lng\":121.31499863345482},{\"lat\":14.093616561929675,\"lng\":121.31567063738747},{\"lat\":14.094319607524778,\"lng\":121.316099432272},{\"lat\":14.096092319918453,\"lng\":121.31509253765184},{\"lat\":14.096413457547348,\"lng\":121.31463091599078},{\"lat\":14.09623500728918,\"lng\":121.3141449200192},{\"lat\":14.097170294912308,\"lng\":121.31368160514421},{\"lat\":14.096901286137532,\"lng\":121.31280156673138},{\"lat\":14.09568507731805,\"lng\":121.3131075019628},{\"lat\":14.095895493489156,\"lng\":121.313926238022}]', 'New Farm 32', 229, '[129]', 7.01800, NULL, 2, 'Santa Maria Magdalena', '2025-08-14 12:07:04', '2025-08-14 12:07:25', 'Active', NULL),
(39, '[{\"lat\":14.113571718263861,\"lng\":121.33860360766793},{\"lat\":14.113841895717654,\"lng\":121.34123423753269},{\"lat\":14.113305666175703,\"lng\":121.34261295452788},{\"lat\":14.112407812918837,\"lng\":121.34369554192953},{\"lat\":14.111103714283358,\"lng\":121.34349098138078},{\"lat\":14.109966361664288,\"lng\":121.34216276667992},{\"lat\":14.108911840641525,\"lng\":121.34147584367497},{\"lat\":14.106818535446026,\"lng\":121.34097417728337},{\"lat\":14.106445580139702,\"lng\":121.3395578130548},{\"lat\":14.10667527751082,\"lng\":121.3379737492014},{\"lat\":14.109914284690435,\"lng\":121.33582678252627},{\"lat\":14.112671248256735,\"lng\":121.33658204164487}]', 'Palakpakin Lake', NULL, '[\"Rice\"]', 47.15500, NULL, 5, 'San Diego', '2025-09-20 10:39:50', '2025-09-20 10:39:50', 'Active', NULL),
(46, '[{\"lat\":14.088309624248938,\"lng\":121.33405858073593},{\"lat\":14.089236714010477,\"lng\":121.33507294339594},{\"lat\":14.087183867334382,\"lng\":121.33526801313828}]', 'New Farm 40', NULL, '[\"Rice\"]', 1.35700, NULL, 5, 'San Diego', '2025-09-20 11:26:48', '2025-09-20 11:26:48', 'Active', NULL),
(49, '[{\"lat\":14.065437522549702,\"lng\":121.31271318176135},{\"lat\":14.065550272854292,\"lng\":121.31290746643958},{\"lat\":14.065403969856519,\"lng\":121.31301270038695},{\"lat\":14.065235345772136,\"lng\":121.31280438271219}]', 'New Farm 32', 223, '[187,144,161,162]', 0.05900, NULL, 3, 'San Diego', '2025-09-23 14:08:58', '2025-09-23 14:09:48', 'Active', '-'),
(54, '[{\"lat\":14.09605224124324,\"lng\":121.32417143517172},{\"lat\":14.09653720030221,\"lng\":121.32549985367315},{\"lat\":14.095893569459202,\"lng\":121.32574242405904},{\"lat\":14.09518638908799,\"lng\":121.32467801813483}]', 'Atticus Farm', 234, '[141,143,185,182,130,179,186]', 1.35100, NULL, 3, NULL, '2025-09-30 00:10:58', '2025-09-30 00:11:56', 'Active', '-'),
(55, '[{\"lat\":14.06931105917347,\"lng\":121.3460255183285},{\"lat\":14.06953758094796,\"lng\":121.34686930405483},{\"lat\":14.068969545521853,\"lng\":121.34701645199296},{\"lat\":14.068823579716208,\"lng\":121.34607549428858}]', 'Ainz Ranch', 236, '[124]', 0.58700, NULL, 4, 'San Jose', '2025-10-01 02:42:07', '2025-10-01 02:43:20', 'Active', NULL);

-- --------------------------------------------------------

--
-- Table structure for table `farm_products`
--

CREATE TABLE `farm_products` (
  `id` int NOT NULL,
  `name` varchar(100) COLLATE utf8mb4_general_ci NOT NULL,
  `type` enum('crop','livestock','fishery','etc') COLLATE utf8mb4_general_ci NOT NULL,
  `description` text COLLATE utf8mb4_general_ci NOT NULL,
  `sector_id` int NOT NULL,
  `imgUrl` text COLLATE utf8mb4_general_ci,
  `created_at` datetime NOT NULL DEFAULT CURRENT_TIMESTAMP,
  `updated_at` datetime NOT NULL DEFAULT CURRENT_TIMESTAMP
) ENGINE=InnoDB DEFAULT CHARSET=utf8mb4 COLLATE=utf8mb4_general_ci;

--
-- Dumping data for table `farm_products`
--

INSERT INTO `farm_products` (`id`, `name`, `type`, `description`, `sector_id`, `imgUrl`, `created_at`, `updated_at`) VALUES
(122, 'Bangus', 'crop', 'Bangus, or milkfish, is a tender, mildly flavored fish known for its rich, juicy meat. A staple in Filipino cuisine, it\'s perfect for grilling, frying, or cooking in savory dishes like sinigang and paksiw. Sustainably farmed and naturally nutritious, Bangus is a delicious source of protein and omega-3', 5, 'https://res.cloudinary.com/dk41ykxsq/image/upload/v1751009324/testUpload/r6lewyrxsmez5u1prfct.jpg', '2025-06-22 11:24:08', '2025-06-27 15:28:51'),
(123, 'Tilapia', 'crop', 'Tilapia', 5, 'https://res.cloudinary.com/dk41ykxsq/image/upload/v1750752100/testUpload/kxivzarhzswmycu5l0xg.jpg', '2025-06-22 11:24:26', '2025-06-24 16:01:49'),
(124, 'Cow', 'crop', 'Cow', 4, 'https://res.cloudinary.com/dk41ykxsq/image/upload/v1750751084/testUpload/tsamqu5pygxxlgthfbau.webp', '2025-06-22 11:24:35', '2025-06-24 15:59:56'),
(125, 'Pig', 'crop', 'Pig is a versatile livestock animal prized for its high-quality meat, including pork, bacon, ham, and more. Known for its fast growth and efficient feed conversion, pig farming supports a wide range of culinary and commercial uses, making it a valuable part of the livestock industry.', 4, 'https://res.cloudinary.com/dk41ykxsq/image/upload/v1751009416/testUpload/bdlic5teffgshgx15wzx.jpg', '2025-06-27 15:30:24', '2025-06-27 15:30:24'),
(126, 'Cattle', 'crop', 'Cattle are essential livestock raised for both meat and dairy production. Known for their adaptability and economic value, they provide high-quality beef, milk, leather, and other by-products that support global agriculture and food industries.', 4, 'https://res.cloudinary.com/dk41ykxsq/image/upload/v1751009583/testUpload/bywohj9add6kkmqviki4.jpg', '2025-06-27 15:33:07', '2025-06-27 15:33:07'),
(127, 'Horse', 'crop', 'Horses are strong, intelligent animals used for work, transport, and recreation. Valued in farming, sports, and tourism, horses also play a key role in cultural heritage and rural livelihoods.', 4, 'https://res.cloudinary.com/dk41ykxsq/image/upload/v1751009628/testUpload/uj1b8swjfhio0ajrdex7.png', '2025-06-27 15:33:53', '2025-06-27 15:33:53'),
(128, 'Rice', 'crop', 'A versatile staple grain, perfect for side dishes, stir-fries, and main courses. Naturally gluten-free and rich in energy.', 1, 'https://res.cloudinary.com/dk41ykxsq/image/upload/v1751010798/testUpload/ndsqmijchuvnxvhvwv7r.webp', '2025-06-27 15:53:21', '2025-06-27 15:53:21'),
(129, 'Corn', 'crop', 'Sweet and crunchy whole grain, ideal for boiling, grilling, or milling. Great in salads, soups, or as a healthy snack.', 2, NULL, '2025-06-27 15:53:42', '2025-06-27 15:53:42'),
(130, 'Cassava', 'crop', 'Cassava', 3, 'https://res.cloudinary.com/dk41ykxsq/image/upload/v1755358900/testUpload/rspzxd31sapfqinoknvc.jpg', '2025-06-27 15:54:32', '2025-08-16 15:41:44'),
(131, 'Pineapple', 'crop', 'A pineapple is a sweet tropical fruit with a tough leathery skin and spiky leaves on top. Pineapple is excellent, whether eaten as a snack, in a sweet dessert, in savory dishes like fried rice, or even on pizza.', 3, 'https://res.cloudinary.com/dk41ykxsq/image/upload/v1755244608/testUpload/drqe9x4m2zcu2lfgmfvf.webp', '2025-06-27 15:54:45', '2025-08-15 07:57:00'),
(132, 'Organic Something', 'crop', 'qwe', 6, 'https://example.com/default-product.jpg', '2025-06-27 16:05:00', '2025-06-27 16:06:02'),
(135, 'Oyster Mushroom', 'crop', 'Mushrrom', 3, 'https://res.cloudinary.com/dk41ykxsq/image/upload/v1753897089/testUpload/vz7yxyszm6qejjj4cgvl.webp', '2025-07-31 01:38:13', '2025-07-31 01:38:13'),
(136, 'Shrimps', 'crop', 'hipon', 5, 'https://res.cloudinary.com/dk41ykxsq/image/upload/v1753898295/testUpload/jxmqxcj9crimsknmnyon.jpg', '2025-07-31 01:58:14', '2025-07-31 01:58:14'),
(137, 'Carpa', 'crop', 'carpa', 5, 'https://res.cloudinary.com/dk41ykxsq/image/upload/v1753898375/testUpload/m3lj9f2nfoeo5vtfjx2q.jpg', '2025-07-31 01:59:32', '2025-07-31 01:59:32'),
(138, 'Sampel', 'crop', 'sample', 3, 'https://res.cloudinary.com/dk41ykxsq/image/upload/v1754625539/testUpload/o2v4ibmjeqdlrywnzlfe.jpg', '2025-08-08 03:59:02', '2025-08-08 03:59:02'),
(139, 'Lanzones', 'crop', 'Lanzones or Langsat are trees from the Mahogany family, scientifically known as Lansium parasiticum. It bears a small, tangy, sour, and sweet combination of edible fruits that are similar to potatoes on outer appearance, and inside they have white flesh containing inedible, bitter seeds.', 3, 'https://res.cloudinary.com/dk41ykxsq/image/upload/v1755244273/testUpload/bofg8i90mf3hebu2fdzp.jpg', '2025-08-15 07:51:16', '2025-08-15 07:51:16'),
(140, 'Rambutan', 'crop', 'Rambutans are a fruit native to Southeast Asia but now grown in other tropical climates. The taste is most often compared to that of grapes. Rambutans are a source of several important nutrients, including dietary fiber, vitamin C, and copper.', 3, 'https://res.cloudinary.com/dk41ykxsq/image/upload/v1755244343/testUpload/cl0m48bln9ioy0qoccrh.webp', '2025-08-15 07:52:26', '2025-08-15 07:52:26'),
(141, 'Banana', 'crop', 'Bananas are long, curved fruits with smooth, yellow, and sometimes slightly green skin. The average length of a banana is about 7 to 9 inches, and it is about 2 to 3 inches in diameter. The skin of the banana is usually yellow when it is ripe, but it can also be green, red, or purple depending on the variety.', 3, 'https://res.cloudinary.com/dk41ykxsq/image/upload/v1755244488/testUpload/ct8l4ghlr4o16jb017fv.webp', '2025-08-15 07:54:58', '2025-08-15 07:54:58'),
(142, 'Papaya', 'crop', 'Papaya is a melon-like fruit, which varies greatly in shape and size. The skin of unripe fruit is smooth, green, and thin and changes to deep orange or yellow when ripe. The flesh varies from 2.5 to 5.0 cm in thickness and yellow to orange in color.', 3, 'https://res.cloudinary.com/dk41ykxsq/image/upload/v1755244736/testUpload/tgo9yc53dnafemoq2pt9.webp', '2025-08-15 07:59:05', '2025-08-15 07:59:05'),
(143, 'Ampalaya', 'crop', 'Momordica charantia, commonly called bitter-melon or ampalaya, is a vigorous, tendril-bearing, frost tender, annual vine of the cucumber family that will grow rapidly to 12-20\' long in a single growing season. It is native to tropical and sub-tropical parts of Asia and Africa.', 3, 'https://res.cloudinary.com/dk41ykxsq/image/upload/v1755244861/testUpload/vp1brgaczhgvdvm4xizn.webp', '2025-08-15 08:01:05', '2025-08-19 13:49:50'),
(144, 'Eggplant', 'crop', 'The fruit is a large egg-shaped berry with a glossy surface that varies in colour from dark purple to red, pink, yellowish, or white and is sometimes striped; the colour and shape of the white variety is the source of the common', 3, 'https://res.cloudinary.com/dk41ykxsq/image/upload/v1755244953/testUpload/nulouji4mckisk1rqz2s.jpg', '2025-08-15 08:02:36', '2025-08-15 08:02:36'),
(145, 'Mustard', 'crop', 'Mustasa', 3, 'https://res.cloudinary.com/dk41ykxsq/image/upload/v1755245077/testUpload/boputf5d9ukyy0fnlmfq.jpg', '2025-08-15 08:04:40', '2025-08-15 08:04:40'),
(146, 'Pechay', 'crop', 'It is known as one of the oldest vegetables in Asia; it therefore plays an important role in the Philippines\' economy as well as in the nutrition of the Filipino people.', 3, 'https://res.cloudinary.com/dk41ykxsq/image/upload/v1755245142/testUpload/q0mgtkhcvcgds3igx5of.webp', '2025-08-15 08:05:47', '2025-08-15 08:05:47'),
(147, 'Radish', 'crop', 'Radishes are root vegetables that belong to the cruciferae or mustard family. Their skins can be red, black, yellow, purple, and pink, and they have a spicy, peppery taste. This taste comes from enzymes that are also in mustard root, horseradish, and wasabi root. Cooking them makes the flavor milder.', 3, 'https://res.cloudinary.com/dk41ykxsq/image/upload/v1755245191/testUpload/ii3uxcz711kmrennzaj2.webp', '2025-08-15 08:06:35', '2025-08-15 08:06:35'),
(148, 'Snap Beans', 'crop', 'Snap Bean', 3, 'https://res.cloudinary.com/dk41ykxsq/image/upload/v1755245305/testUpload/fhaatsn5zvcangrczxmk.webp', '2025-08-15 08:08:27', '2025-08-15 08:12:36'),
(149, 'Squash', 'crop', 'Squash (Cucurbita maxima L.) locally known as “kalabasa” is a popular vegetable among the Filipinos. The shoots, flowers and young fruits can be cooked as dinengdeng, bulanglang or sautéed with meat, fish or shrimps and mixed with other vegetables', 3, 'https://res.cloudinary.com/dk41ykxsq/image/upload/v1755245438/testUpload/vsizzr8pffsclrriliow.webp', '2025-08-15 08:10:41', '2025-08-15 08:10:41'),
(150, 'String Bean', 'crop', 'String Bwan', 3, 'https://res.cloudinary.com/dk41ykxsq/image/upload/v1755245591/testUpload/kjz9fbexa1vo1ielj9yy.jpg', '2025-08-15 08:13:14', '2025-08-15 08:13:14'),
(151, 'Upo', 'crop', 'Upo is called a bottle gourd in English because of its elongated shape. The plant has the scientific name Lagenaria siceraria. Its fruit is a very popular', 3, 'https://res.cloudinary.com/dk41ykxsq/image/upload/v1755245667/testUpload/vmbk2shbmwjne5hqz7sz.jpg', '2025-08-15 08:14:29', '2025-08-15 08:14:29'),
(152, 'Ube', 'crop', 'also called ube ubi, purple yam, or greater yam, among many other names – is a species of yam', 3, 'https://res.cloudinary.com/dk41ykxsq/image/upload/v1755245745/testUpload/qzrfdgjbfkhqz991dntq.jpg', '2025-08-15 08:15:47', '2025-08-15 08:15:47'),
(153, 'Okra', 'crop', 'okra', 3, 'https://res.cloudinary.com/dk41ykxsq/image/upload/v1755246106/testUpload/eega1ik1smjpgtusag9t.jpg', '2025-08-15 08:21:49', '2025-08-15 08:21:49'),
(154, 'Tomato', 'crop', 'The tomato Solanum lycopersicum, is a plant whose fruit is an edible berry that is eaten as a vegetable', 3, 'https://res.cloudinary.com/dk41ykxsq/image/upload/v1755246155/testUpload/xxdraa3qvsad5inp6ya2.webp', '2025-08-15 08:22:37', '2025-08-15 08:22:37'),
(155, 'Patola', 'crop', 'patola', 3, 'https://res.cloudinary.com/dk41ykxsq/image/upload/v1755246257/testUpload/gdjlamgzvo0gkhh5ksjv.jpg', '2025-08-15 08:24:29', '2025-08-15 08:24:29'),
(156, 'Cucumber', 'crop', 'pipino', 3, 'https://res.cloudinary.com/dk41ykxsq/image/upload/v1755246315/testUpload/ugiek1ac68aiicfwygng.jpg', '2025-08-15 08:25:17', '2025-08-15 08:25:17'),
(157, 'Sili Panigang', 'crop', 'Sili Panigang', 3, 'https://res.cloudinary.com/dk41ykxsq/image/upload/v1755246482/testUpload/zzyt3kkzhpasnedihmi2.jpg', '2025-08-15 08:28:05', '2025-08-15 08:28:05'),
(158, 'Sili Tingala', 'crop', 'sili tingala', 3, 'https://res.cloudinary.com/dk41ykxsq/image/upload/v1755246512/testUpload/wx8rgnwlrislraxj9dqw.jpg', '2025-08-15 08:28:34', '2025-08-15 08:28:34'),
(159, 'Ginger', 'crop', 'luya', 3, 'https://res.cloudinary.com/dk41ykxsq/image/upload/v1755246577/testUpload/eoxhnfs0mh4jm0kbiprr.jpg', '2025-08-15 08:30:06', '2025-08-15 08:30:06'),
(160, 'Mungbean', 'crop', 'munggo', 3, 'https://res.cloudinary.com/dk41ykxsq/image/upload/v1755246661/testUpload/ntrj7jpp4yempc4piel2.webp', '2025-08-15 08:31:04', '2025-08-15 08:31:04'),
(161, 'Gabi', 'crop', 'gabi', 3, 'https://res.cloudinary.com/dk41ykxsq/image/upload/v1755246711/testUpload/sandpdgcc4uk7q4g1pc6.webp', '2025-08-15 08:32:02', '2025-08-15 08:32:02'),
(162, 'Sweet Potato', 'crop', 'sweet potato', 3, 'https://res.cloudinary.com/dk41ykxsq/image/upload/v1755246761/testUpload/qvn0q0hy63nknszrn9p2.webp', '2025-08-15 08:32:48', '2025-08-15 08:32:48'),
(163, 'Ayungis', 'crop', 'ayungis', 5, NULL, '2025-08-15 08:33:59', '2025-08-15 08:33:59'),
(164, 'Tawis', 'crop', 'tawis', 5, 'https://example.com/default-product.jpg', '2025-08-15 08:34:26', '2025-08-15 08:39:15'),
(167, 'Dalag', 'crop', 'dalag', 5, 'https://res.cloudinary.com/dk41ykxsq/image/upload/v1757557833/OIP-removebg-preview_r0qvt1.png', '2025-08-15 08:39:52', '2025-10-29 01:44:55'),
(168, 'Midas', 'crop', 'midas', 5, NULL, '2025-08-15 08:40:10', '2025-08-15 08:40:10'),
(169, 'Black Mash', 'crop', 'black mash', 5, NULL, '2025-08-15 08:40:32', '2025-08-15 08:40:32'),
(170, 'Jaguar', 'crop', 'jaguar', 5, NULL, '2025-08-15 08:41:13', '2025-08-15 08:41:13'),
(171, 'Bituo', 'crop', 'bituo', 5, NULL, '2025-08-15 08:41:44', '2025-08-15 08:41:44'),
(172, 'Kuhol', 'crop', 'kuhol', 5, NULL, '2025-08-15 08:42:26', '2025-08-15 08:42:26'),
(173, 'Bakuli', 'crop', 'bakuli', 5, NULL, '2025-08-15 08:43:05', '2025-08-15 08:43:05'),
(174, 'Pangasius', 'crop', 'pangasius', 5, NULL, '2025-08-15 08:43:56', '2025-08-15 08:43:56'),
(175, 'Hammerhead', 'crop', 'hammerhead', 5, NULL, '2025-08-15 08:44:14', '2025-08-15 08:44:14'),
(176, 'Chicken', 'crop', 'chicken', 4, NULL, '2025-08-15 08:45:24', '2025-08-15 08:45:24'),
(177, 'Goat', 'crop', 'goat', 4, NULL, '2025-08-15 08:45:53', '2025-08-15 08:45:53'),
(178, 'Sheep', 'crop', 'sheep', 4, NULL, '2025-08-15 08:46:26', '2025-08-15 08:46:26'),
(179, 'Coconut', 'crop', 'niyog', 3, 'https://res.cloudinary.com/dk41ykxsq/image/upload/v1755358936/testUpload/n17goqkvncfasa3tcop1.jpg', '2025-08-15 08:54:44', '2025-08-16 15:42:21'),
(180, 'Mango', 'crop', 'manga', 3, 'https://res.cloudinary.com/dk41ykxsq/image/upload/v1755359246/testUpload/gnajg5v44dbaroggjzio.jpg', '2025-08-15 08:55:49', '2025-08-16 15:47:30'),
(181, 'Langka', 'crop', 'langka', 3, NULL, '2025-08-15 08:56:28', '2025-08-15 08:56:28'),
(182, 'Cacao', 'crop', 'cacao', 3, 'https://res.cloudinary.com/dk41ykxsq/image/upload/v1755358822/testUpload/upspvmyyswwmywmj2a2g.jpg', '2025-08-15 08:56:47', '2025-08-16 15:40:26'),
(183, 'Guyabano', 'crop', 'guyabano', 3, 'https://res.cloudinary.com/dk41ykxsq/image/upload/v1755359117/testUpload/dyf8foozjgz8mnxkggqi.webp', '2025-08-15 08:58:06', '2025-08-16 15:45:23'),
(184, 'Onion', 'crop', 'sibuyas', 3, NULL, '2025-08-15 08:59:06', '2025-08-15 08:59:06'),
(185, 'Calamansi', 'crop', 'calamansi', 3, 'https://res.cloudinary.com/dk41ykxsq/image/upload/v1755358854/testUpload/zokdcrnqbebprnzlwcvr.webp', '2025-08-15 08:59:44', '2025-08-16 15:40:59'),
(186, 'Dragon Fruit', 'crop', 'dragon Fruit', 3, 'https://res.cloudinary.com/dk41ykxsq/image/upload/v1755359042/testUpload/lzkemb4pqqw7fu5gnddi.jpg', '2025-08-15 09:00:09', '2025-08-16 15:44:06'),
(187, 'Durian', 'crop', 'durian', 3, 'https://res.cloudinary.com/dk41ykxsq/image/upload/v1755358995/testUpload/uvsvfvysotku2ledckgg.webp', '2025-08-15 09:00:33', '2025-08-16 15:43:18'),
(188, 'Jackfruit', 'crop', 'jackfruit', 3, 'https://res.cloudinary.com/dk41ykxsq/image/upload/v1755359178/testUpload/m8fsgwz11npi5yknstr5.webp', '2025-08-15 09:01:05', '2025-08-16 15:46:21'),
(189, 'Sigarilas', 'crop', 'winged beans', 3, 'https://res.cloudinary.com/dk41ykxsq/image/upload/v1755358791/testUpload/oma0duqba3f8eiewna2x.jpg', '2025-08-15 09:01:59', '2025-08-16 15:39:55'),
(190, 'Oyster Mushroom', 'crop', 'oyster Mushroom', 3, NULL, '2025-08-15 09:04:33', '2025-08-15 09:04:33');

-- --------------------------------------------------------

--
-- Table structure for table `password_reset_otps`
--

CREATE TABLE `password_reset_otps` (
  `id` int NOT NULL,
  `user_id` int NOT NULL,
  `otp` varchar(6) COLLATE utf8mb4_general_ci NOT NULL,
  `expires_at` datetime NOT NULL,
  `created_at` timestamp NOT NULL DEFAULT CURRENT_TIMESTAMP,
  `updated_at` timestamp NOT NULL DEFAULT CURRENT_TIMESTAMP ON UPDATE CURRENT_TIMESTAMP
) ENGINE=InnoDB DEFAULT CHARSET=utf8mb4 COLLATE=utf8mb4_general_ci;

-- --------------------------------------------------------

--
-- Table structure for table `sectors`
--

CREATE TABLE `sectors` (
  `sector_id` int NOT NULL,
  `sector_name` varchar(255) COLLATE utf8mb4_general_ci NOT NULL,
  `description` varchar(999) COLLATE utf8mb4_general_ci DEFAULT NULL,
  `created_at` timestamp NULL DEFAULT CURRENT_TIMESTAMP,
  `updated_at` timestamp NULL DEFAULT CURRENT_TIMESTAMP,
  `mission` varchar(999) COLLATE utf8mb4_general_ci DEFAULT NULL,
  `imgUrl` varchar(255) COLLATE utf8mb4_general_ci DEFAULT NULL
) ENGINE=InnoDB DEFAULT CHARSET=utf8mb4 COLLATE=utf8mb4_general_ci;

--
-- Dumping data for table `sectors`
--

INSERT INTO `sectors` (`sector_id`, `sector_name`, `description`, `created_at`, `updated_at`, `mission`, `imgUrl`) VALUES
(1, 'Rice', 'Rice is a staple crop and a backbone of local agriculture. San Pablo City supports its rice farmers in adapting to climate change, improving yields, and maintaining stable supply for local consumption.', '2025-06-21 11:12:17', '2025-06-21 11:12:17', 'To ensure food security by increasing rice productivity through the promotion of climate-resilient farming practices, quality seed distribution, and efficient use of irrigation and post-harvest technologies.', 'https://res.cloudinary.com/dk41ykxsq/image/upload/v1750587072/rice_klcvuo.jpg'),
(2, 'Corn', 'Corn serves both as human food and livestock feed, making it a strategic crop in the city’s agricultural system. San Pablo is committed to enhancing its role in food chains and ensuring sustainable corn farming practices.', '2025-06-21 11:12:17', '2025-06-21 11:12:17', 'To boost corn production by introducing high-yield varieties, improving mechanization, and supporting smallholder farmers in accessing training, inputs, and markets.', 'https://res.cloudinary.com/dk41ykxsq/image/upload/v1750587073/corn_ohukal.jpg'),
(3, 'HVC', 'High-value crops such as vegetables, fruits, herbs, and ornamentals offer higher profitability per hectare. In San Pablo City, this sector creates opportunities for diversified income and encourages innovation in agri-entrepreneurship.', '2025-06-21 11:12:17', '2025-06-21 11:12:17', 'To strengthen the production and marketing of high-value crops by providing technical support, modern farming methods, and infrastructure that enable farmers to maximize income and competitiveness.', 'https://res.cloudinary.com/dk41ykxsq/image/upload/v1750587301/hvc_huuaeg.jpg'),
(4, 'Livestock', 'Livestock is a key source of food and income in San Pablo. With proper management and support, it contributes to food security and rural development, while also offering potential for agribusiness and value-added processing.', '2025-06-21 11:12:17', '2025-06-21 11:12:17', 'To enhance livestock production systems by improving animal health services, breeding programs, and farmer training to ensure sustainable, safe, and profitable meat and dairy production.', 'https://res.cloudinary.com/dk41ykxsq/image/upload/v1750587121/livestock_kfud7e.jpg'),
(5, 'Fishery', 'The city’s inland fishery sector plays a vital role in food supply and livelihood. Through sustainable fish farming and conservation of aquatic resources, San Pablo aims to ensure long-term productivity of lakes and rivers while uplifting its fishing communities.\n\n', '2025-06-21 11:12:17', '2025-06-21 11:12:17', 'To develop a sustainable and resilient fishery sector by enhancing freshwater aquaculture, protecting aquatic ecosystems, and improving the livelihoods of fisherfolk through training, access to resources, and market support.', 'https://res.cloudinary.com/dk41ykxsq/image/upload/v1750587073/fishery_hbvfep.webp'),
(6, 'Organic', 'Organic farming in San Pablo City focuses on natural and eco-friendly agricultural practices, eliminating the use of synthetic chemicals and promoting biodiversity. This approach helps protect soil health, water resources, and the well-being of both farmers and consumers.', '2025-06-21 11:12:17', '2025-06-21 11:12:17', 'To promote and support the widespread adoption of organic farming practices in San Pablo City, ensuring the production of safe, healthy, and sustainable food while preserving the integrity of the environment.', 'https://res.cloudinary.com/dk41ykxsq/image/upload/v1750587074/orgniac_rfjm0b.jpg');

-- --------------------------------------------------------

--
-- Table structure for table `users`
--

CREATE TABLE `users` (
  `id` int NOT NULL,
  `email` varchar(100) COLLATE utf8mb4_general_ci NOT NULL,
  `password` varchar(255) CHARACTER SET utf8mb4 COLLATE utf8mb4_general_ci DEFAULT NULL,
  `role` enum('admin','officer','farmer') COLLATE utf8mb4_general_ci NOT NULL,
  `sector_id` int DEFAULT NULL,
  `created_at` timestamp NOT NULL DEFAULT CURRENT_TIMESTAMP,
  `fname` varchar(255) COLLATE utf8mb4_general_ci DEFAULT NULL,
  `lname` varchar(255) COLLATE utf8mb4_general_ci DEFAULT NULL,
  `firebase_uid` varchar(255) COLLATE utf8mb4_general_ci NOT NULL,
  `contact` varchar(255) COLLATE utf8mb4_general_ci DEFAULT '---',
  `status` varchar(255) COLLATE utf8mb4_general_ci DEFAULT 'Active',
  `name` varchar(255) COLLATE utf8mb4_general_ci DEFAULT NULL
) ENGINE=InnoDB DEFAULT CHARSET=utf8mb4 COLLATE=utf8mb4_general_ci;

--
-- Dumping data for table `users`
--

INSERT INTO `users` (`id`, `email`, `password`, `role`, `sector_id`, `created_at`, `fname`, `lname`, `firebase_uid`, `contact`, `status`, `name`) VALUES
(1, 'admin@gmail.com', 'adminpass', 'admin', 0, '2025-04-28 23:06:03', 'adminaccrr', '', 'cjr9lFMBgXhBdeMdPFsGvHs9Rb93', '912', 'Active', 'admin'),
(40, 'leondino@gmail.com', 'adminpass', 'farmer', 2, '2025-07-30 16:15:35', 'Leodino', 'Carandang', 'wl03sZNUIGZKeazCpfedvm7cssH3', '---', 'Active', 'Leodino Carandang'),
(41, 'eliseo@gmail.com', 'adminpass', 'farmer', 2, '2025-07-30 16:16:34', 'Eliseo', 'Ambal', 'p6SWQPfOpgbYkCIVsG356NZhSYm1', '---', 'Active', 'Eliseo Ambal'),
(42, 'shirley@gmail.com', 'adminpass', 'farmer', 2, '2025-07-30 16:17:19', 'Shirley', 'del Rosario', 'b7SvDLl70zRiTbtU9p8oGoFP0RZ2', '---', 'Active', 'Shirley del Rosario'),
(43, 'danilo@gmail.com', 'adminpass', 'farmer', 2, '2025-07-30 16:20:05', 'Danilo', 'Cortez', 'blYveyiA1pOYqxUAzPyrWXqGC703', '---', 'Active', 'Danilo Cortez'),
(44, 'antonio@gmail.com', 'adminpass', 'farmer', 2, '2025-07-30 16:20:49', 'Antonio', 'Gabiana', 'ujRUKFXXV1NPQ9K4xaGmPCbZI9Q2', '---', 'Active', 'Antonio Gabiana'),
(45, 'rodrigo@gmail.com', 'adminpass', 'farmer', 2, '2025-07-30 16:21:38', 'Rodrigo', 'Gabino', 'JHH8fFvOQVQrA2FwCKrcPKvpxxi1', '---', 'Active', 'Rodrigo Gabino'),
(46, 'lucia@gmail.com', 'adminpass', 'farmer', 6, '2025-07-30 16:26:36', 'Lucia', 'Mangubat', 'HTk70l2tdXUwm3nJ0bzDAYtvo2k1', '---', 'Active', 'Lucia Mangubat'),
(47, 'raymund@gmail.com', 'adminpass', 'farmer', 6, '2025-07-30 16:27:28', 'Raymund', 'Banaag', 'lDt92GsnmPeG52kxztJvFtCeUfa2', '---', 'Active', 'Raymund Banaag'),
(48, 'mely@gmail.com', 'adminpass', 'farmer', 6, '2025-07-30 16:28:05', 'Mely', 'Jean Marquez', 'Ncndb2nuktd951QUvvsOjkq4jnE3', '---', 'Active', 'Mely Jean Marquez'),
(49, 'nelda@gmail.com', 'adminpass', 'farmer', 3, '2025-07-30 16:29:48', 'Nelda', 'Chen', 'kocNZXJWYWWXHhJQfMtWHBDuVS43', '---', 'Active', 'Nelda Chen'),
(50, 'rene@gmail.com', 'adminpass', 'farmer', 3, '2025-07-30 16:30:18', 'Rene', 'Lasquite', 'E2JX5NZKyNP87mOyb5jkHRuSenG2', '---', 'Active', 'Rene Lasquite'),
(51, 'epifania@gmail.com', 'adminpass', 'farmer', 3, '2025-07-30 16:30:49', 'Epifania', 'Comia', '5ONx4q5hDbVxyhWABrNMdFJAr6X2', '---', 'Active', 'Epifania Comia'),
(52, 'jeplo@gmail.com', 'adminpass', 'farmer', 4, '2025-07-30 17:32:29', 'Jeplo', 'Austria', 'olbqZ8j4F7doHbH6iFMMfznS19C2', '---', 'Active', 'Jeplo Austria'),
(53, 'joseph@gmail.com', 'adminpass', 'farmer', 3, '2025-07-30 17:40:19', 'Joseph', 'Xavier', '1VLIaJgL6ZcFblkLTglQd5uTM0j2', '---', 'Active', 'Joseph Xavier'),
(54, 'mark@gmail.com', 'adminpass', 'farmer', 3, '2025-07-30 17:46:09', 'Mark', 'Anthony', 'NgjbSF5TV0cMeaT8u2HC28hzMgr2', '---', 'Inactive', 'Mark Anthony'),
(55, 'kobe@gmai.com', 'adminpass', 'farmer', 2, '2025-07-31 04:12:55', 'Kobe', 'Bryant', 'mLk1zgemAgNqapwDrxZyCrjBun23', '---', 'Active', 'Kobe Bryant'),
(56, 'michael@gmai.com', 'adminpass', 'officer', 1, '2025-08-01 00:22:38', 'michael', 'jackson', 'mMFq7hPphSfhEIkoctVtcGDI9mO2', '---', 'Active', 'michael jackson'),
(57, 'umalic65@gmail.com', NULL, 'farmer', 5, '2025-08-08 03:56:03', 'kawhi', 'leonard', 'J6y4DSp8vqMTda16Pf6P480Qbnf2', '---', 'Active', 'kawhi leonard'),
(58, 'stain@gmail.com', 'adminpass', 'officer', 1, '2025-08-10 22:59:23', 'stain', 'min', 'z8CuOkxJFgMm3qFcYiwNqnphmx13', '---', 'Active', 'stain min'),
(66, 'atticus@gmail.com', 'hassPassword', 'farmer', 3, '2025-09-30 00:09:52', 'Atticus', 'Oddysey', 'mnIWbb4kxZg41g31lHH6SAvj1VV2', '---', 'Active', 'Atticus Oddysey'),
(67, 'nave@gmail.com', 'hassPassword', 'farmer', NULL, '2025-09-30 11:32:49', 'nave', 'gamma', 'EFo9i1Xq2xe2tRGEMXkWR7H70Jn1', '---', 'Active', 'nave gamma'),
(68, 'ainz@gmail.com', 'hassPassword', 'farmer', NULL, '2025-09-30 11:48:48', 'ainz', 'ooal', 'iF495ul9BZbocZlD7YFggUvQcvQ2', '---', 'Active', 'ainz ooal');

-- --------------------------------------------------------

--
-- Table structure for table `yield_archive`
--

CREATE TABLE `yield_archive` (
  `archive_id` int NOT NULL,
  `yield_id` int NOT NULL,
  `farmer_id` int NOT NULL,
  `product_id` int NOT NULL,
  `harvest_date` date NOT NULL,
  `farm_id` int NOT NULL,
  `volume` decimal(10,2) NOT NULL,
  `notes` text,
  `value` decimal(15,2) DEFAULT NULL,
  `images` json DEFAULT NULL,
  `status` varchar(50) DEFAULT 'Pending',
  `area_harvested` decimal(10,2) DEFAULT NULL,
  `created_at` datetime DEFAULT CURRENT_TIMESTAMP,
  `updated_at` datetime DEFAULT CURRENT_TIMESTAMP ON UPDATE CURRENT_TIMESTAMP,
  `farmer_name` varchar(255) NOT NULL,
  `product_name` varchar(255) NOT NULL,
  `farm_name` varchar(255) NOT NULL,
  `delete_date` datetime DEFAULT CURRENT_TIMESTAMP
) ENGINE=InnoDB DEFAULT CHARSET=utf8;

--
-- Dumping data for table `yield_archive`
--

INSERT INTO `yield_archive` (`archive_id`, `yield_id`, `farmer_id`, `product_id`, `harvest_date`, `farm_id`, `volume`, `notes`, `value`, `images`, `status`, `area_harvested`, `created_at`, `updated_at`, `farmer_name`, `product_name`, `farm_name`, `delete_date`) VALUES
(1, 629, 223, 122, '2025-09-01', 34, 33.00, '', NULL, '[]', 'Pending', 2.74, '2025-09-01 14:28:52', '2025-09-01 14:28:52', 'Joseph  Xavier', 'Bangus', 'New Farm 33', '2025-09-24 15:14:46'),
(2, 21, 210, 136, '2021-11-01', 7, 819.00, NULL, NULL, '[]', 'Accepted', 0.04, '2025-08-11 14:54:54', '2025-08-11 14:54:54', 'Leodino  Carandang', 'shrimps', 'New Farm 7', '2025-09-25 13:47:12'),
(3, 22, 210, 122, '2024-08-25', 7, 936.00, NULL, NULL, '[]', 'Accepted', 0.03, '2025-08-11 14:54:54', '2025-08-11 14:54:54', 'Leodino  Carandang', 'Bangus', 'New Farm 7', '2025-09-25 13:47:12'),
(4, 23, 210, 122, '2023-11-18', 7, 896.00, NULL, NULL, '[]', 'Accepted', 0.02, '2025-08-11 14:54:54', '2025-08-11 14:54:54', 'Leodino  Carandang', 'Bangus', 'New Farm 7', '2025-09-25 13:47:13'),
(5, 24, 210, 123, '2025-12-05', 7, 12.00, NULL, NULL, '[]', 'Accepted', 0.03, '2025-08-11 14:54:54', '2025-08-11 14:54:54', 'Leodino  Carandang', 'Tilapia', 'New Farm 7', '2025-09-25 13:47:13'),
(6, 25, 210, 137, '2022-05-16', 7, 376.00, NULL, NULL, '[]', 'Accepted', 0.01, '2025-08-11 14:54:54', '2025-08-11 14:54:54', 'Leodino  Carandang', 'carpa', 'New Farm 7', '2025-09-25 13:47:13'),
(7, 26, 210, 123, '2021-09-06', 7, 987.00, 'Good quality', NULL, '[]', 'Accepted', 0.04, '2025-08-11 14:54:54', '2025-08-11 14:54:54', 'Leodino  Carandang', 'Tilapia', 'New Farm 7', '2025-09-25 13:47:13'),
(8, 27, 210, 137, '2024-06-04', 7, 66.00, NULL, NULL, '[]', 'Accepted', 0.02, '2025-08-11 14:54:54', '2025-08-11 14:54:54', 'Leodino  Carandang', 'carpa', 'New Farm 7', '2025-09-25 13:47:13'),
(9, 28, 210, 136, '2022-04-12', 7, 293.00, 'Average yield', NULL, '[]', 'Accepted', 0.02, '2025-08-11 14:54:54', '2025-08-11 14:54:54', 'Leodino  Carandang', 'shrimps', 'New Farm 7', '2025-09-25 13:47:13'),
(10, 29, 210, 122, '2024-09-22', 7, 613.00, NULL, NULL, '[]', 'Accepted', 0.03, '2025-08-11 14:54:54', '2025-08-11 14:54:54', 'Leodino  Carandang', 'Bangus', 'New Farm 7', '2025-09-25 13:47:13'),
(11, 30, 210, 136, '2025-01-27', 7, 930.00, NULL, NULL, '[]', 'Accepted', 0.02, '2025-08-11 14:54:54', '2025-08-11 14:54:54', 'Leodino  Carandang', 'shrimps', 'New Farm 7', '2025-09-25 13:47:14'),
(12, 31, 210, 123, '2021-07-31', 7, 790.00, NULL, NULL, '[]', 'Accepted', 0.04, '2025-08-11 14:54:54', '2025-08-11 14:54:54', 'Leodino  Carandang', 'Tilapia', 'New Farm 7', '2025-09-25 13:47:14'),
(13, 32, 210, 137, '2024-09-26', 7, 559.00, NULL, NULL, '[]', 'Accepted', 0.02, '2025-08-11 14:54:54', '2025-08-11 14:54:54', 'Leodino  Carandang', 'carpa', 'New Farm 7', '2025-09-25 13:47:14'),
(14, 33, 210, 122, '2021-12-23', 7, 961.00, 'Good quality', NULL, '[]', 'Accepted', 0.03, '2025-08-11 14:54:54', '2025-08-11 14:54:54', 'Leodino  Carandang', 'Bangus', 'New Farm 7', '2025-09-25 13:47:14'),
(15, 34, 210, 136, '2024-06-03', 7, 952.00, 'Average yield', NULL, '[]', 'Accepted', 0.02, '2025-08-11 14:54:54', '2025-08-11 14:54:54', 'Leodino  Carandang', 'shrimps', 'New Farm 7', '2025-09-25 13:47:14'),
(16, 35, 210, 136, '2021-12-25', 7, 224.00, 'Good quality', NULL, '[]', 'Accepted', 0.03, '2025-08-11 14:54:54', '2025-08-11 14:54:54', 'Leodino  Carandang', 'shrimps', 'New Farm 7', '2025-09-25 13:47:14'),
(17, 36, 210, 137, '2022-06-25', 7, 697.00, NULL, NULL, '[]', 'Accepted', 0.04, '2025-08-11 14:54:54', '2025-08-11 14:54:54', 'Leodino  Carandang', 'carpa', 'New Farm 7', '2025-09-25 13:47:14'),
(18, 37, 210, 123, '2024-09-22', 7, 241.00, NULL, NULL, '[]', 'Accepted', 0.05, '2025-08-11 14:54:54', '2025-08-11 14:54:54', 'Leodino  Carandang', 'Tilapia', 'New Farm 7', '2025-09-25 13:47:15'),
(19, 38, 210, 123, '2021-01-23', 7, 224.00, NULL, NULL, '[]', 'Accepted', 0.03, '2025-08-11 14:54:54', '2025-08-11 14:54:54', 'Leodino  Carandang', 'Tilapia', 'New Farm 7', '2025-09-25 13:47:15'),
(20, 39, 210, 136, '2023-06-09', 7, 204.00, NULL, NULL, '[]', 'Accepted', 0.03, '2025-08-11 14:54:54', '2025-08-11 14:54:54', 'Leodino  Carandang', 'shrimps', 'New Farm 7', '2025-09-25 13:47:15'),
(21, 40, 210, 123, '2025-04-05', 7, 451.00, NULL, NULL, '[]', 'Accepted', 0.04, '2025-08-11 14:54:54', '2025-08-11 14:54:54', 'Leodino  Carandang', 'Tilapia', 'New Farm 7', '2025-09-25 13:47:15'),
(22, 1, 210, 136, '2023-05-12', 6, 362.00, NULL, NULL, '[]', 'Accepted', 0.02, '2025-08-11 14:54:54', '2025-08-11 14:54:54', 'Leodino  Carandang', 'shrimps', 'New Farm 6', '2025-09-25 13:51:22'),
(23, 2, 210, 137, '2022-05-25', 6, 783.00, NULL, NULL, '[]', 'Accepted', 0.03, '2025-08-11 14:54:54', '2025-08-11 14:54:54', 'Leodino  Carandang', 'carpa', 'New Farm 6', '2025-09-25 13:51:22'),
(24, 3, 210, 136, '2024-03-31', 6, 938.00, NULL, NULL, '[]', 'Accepted', 0.06, '2025-08-11 14:54:54', '2025-08-11 14:54:54', 'Leodino  Carandang', 'shrimps', 'New Farm 6', '2025-09-25 13:51:22'),
(25, 4, 210, 123, '2023-07-26', 6, 274.00, NULL, NULL, '[]', 'Accepted', 0.06, '2025-08-11 14:54:54', '2025-08-11 14:54:54', 'Leodino  Carandang', 'Tilapia', 'New Farm 6', '2025-09-25 13:51:23'),
(26, 5, 210, 136, '2021-09-14', 6, 168.00, NULL, NULL, '[]', 'Accepted', 0.03, '2025-08-11 14:54:54', '2025-08-11 14:54:54', 'Leodino  Carandang', 'shrimps', 'New Farm 6', '2025-09-25 13:51:23'),
(27, 6, 210, 123, '2023-12-02', 6, 993.00, 'Good quality', NULL, '[]', 'Accepted', 0.04, '2025-08-11 14:54:54', '2025-08-11 14:54:54', 'Leodino  Carandang', 'Tilapia', 'New Farm 6', '2025-09-25 13:51:23'),
(28, 7, 210, 123, '2021-09-07', 6, 637.00, NULL, NULL, '[]', 'Accepted', 0.01, '2025-08-11 14:54:54', '2025-08-11 14:54:54', 'Leodino  Carandang', 'Tilapia', 'New Farm 6', '2025-09-25 13:51:23'),
(29, 8, 210, 136, '2021-03-04', 6, 484.00, NULL, NULL, '[]', 'Accepted', 0.04, '2025-08-11 14:54:54', '2025-08-11 14:54:54', 'Leodino  Carandang', 'shrimps', 'New Farm 6', '2025-09-25 13:51:23'),
(30, 9, 210, 137, '2024-02-05', 6, 837.00, NULL, NULL, '[]', 'Accepted', 0.03, '2025-08-11 14:54:54', '2025-08-11 14:54:54', 'Leodino  Carandang', 'carpa', 'New Farm 6', '2025-09-25 13:51:23'),
(31, 10, 210, 137, '2025-12-02', 6, 383.00, 'Good quality', NULL, '[]', 'Accepted', 0.04, '2025-08-11 14:54:54', '2025-08-11 14:54:54', 'Leodino  Carandang', 'carpa', 'New Farm 6', '2025-09-25 13:51:24'),
(32, 11, 210, 136, '2022-09-02', 6, 275.00, 'Good quality', NULL, '[]', 'Accepted', 0.01, '2025-08-11 14:54:54', '2025-08-11 14:54:54', 'Leodino  Carandang', 'shrimps', 'New Farm 6', '2025-09-25 13:51:24'),
(33, 12, 210, 122, '2024-05-14', 6, 382.00, NULL, NULL, '[]', 'Accepted', 0.01, '2025-08-11 14:54:54', '2025-08-11 14:54:54', 'Leodino  Carandang', 'Bangus', 'New Farm 6', '2025-09-25 13:51:24'),
(34, 13, 210, 123, '2021-09-12', 6, 309.00, NULL, NULL, '[]', 'Accepted', 0.05, '2025-08-11 14:54:54', '2025-08-11 14:54:54', 'Leodino  Carandang', 'Tilapia', 'New Farm 6', '2025-09-25 13:51:24'),
(35, 14, 210, 122, '2021-05-24', 6, 997.00, 'Good quality', NULL, '[]', 'Accepted', 0.05, '2025-08-11 14:54:54', '2025-08-11 14:54:54', 'Leodino  Carandang', 'Bangus', 'New Farm 6', '2025-09-25 13:51:24'),
(36, 15, 210, 122, '2025-07-18', 6, 519.00, 'Good quality', NULL, '[]', 'Accepted', 0.05, '2025-08-11 14:54:54', '2025-08-11 14:54:54', 'Leodino  Carandang', 'Bangus', 'New Farm 6', '2025-09-25 13:51:24'),
(37, 16, 210, 136, '2022-08-07', 6, 268.00, NULL, NULL, '[]', 'Accepted', 0.01, '2025-08-11 14:54:54', '2025-08-11 14:54:54', 'Leodino  Carandang', 'shrimps', 'New Farm 6', '2025-09-25 13:51:24'),
(38, 17, 210, 123, '2021-04-10', 6, 857.00, NULL, NULL, '[]', 'Accepted', 0.05, '2025-08-11 14:54:54', '2025-08-11 14:54:54', 'Leodino  Carandang', 'Tilapia', 'New Farm 6', '2025-09-25 13:51:25'),
(39, 18, 210, 137, '2025-03-18', 6, 898.00, NULL, NULL, '[]', 'Accepted', 0.07, '2025-08-11 14:54:54', '2025-08-11 14:54:54', 'Leodino  Carandang', 'carpa', 'New Farm 6', '2025-09-25 13:51:25'),
(40, 19, 210, 136, '2021-05-25', 6, 902.00, NULL, NULL, '[]', 'Accepted', 0.03, '2025-08-11 14:54:54', '2025-08-11 14:54:54', 'Leodino  Carandang', 'shrimps', 'New Farm 6', '2025-09-25 13:51:25'),
(41, 20, 210, 137, '2024-05-13', 6, 316.00, NULL, NULL, '[]', 'Accepted', 0.02, '2025-08-11 14:54:54', '2025-08-11 14:54:54', 'Leodino  Carandang', 'carpa', 'New Farm 6', '2025-09-25 13:51:25'),
(42, 1188, 239, 122, '2025-10-20', 56, 55.00, '', NULL, '[]', 'Pending', 0.08, '2025-10-20 06:06:01', '2025-10-20 06:06:01', 'kaguya  otsusuki', 'Bangus', 'New Farm 32', '2025-10-28 22:57:04');

--
-- Indexes for dumped tables
--

--
-- Indexes for table `associations`
--
ALTER TABLE `associations`
  ADD PRIMARY KEY (`id`);

--
-- Indexes for table `chart_annotations`
--
ALTER TABLE `chart_annotations`
  ADD PRIMARY KEY (`id`);

--
-- Indexes for table `farmers`
--
ALTER TABLE `farmers`
  ADD PRIMARY KEY (`id`);

--
-- Indexes for table `farmer_yield`
--
ALTER TABLE `farmer_yield`
  ADD PRIMARY KEY (`id`),
  ADD KEY `farmer_yield_farmer_idfk` (`farmer_id`),
  ADD KEY `farmer_yield_product_idfk` (`product_id`);

--
-- Indexes for table `farms`
--
ALTER TABLE `farms`
  ADD PRIMARY KEY (`farm_id`);

--
-- Indexes for table `farm_products`
--
ALTER TABLE `farm_products`
  ADD PRIMARY KEY (`id`),
  ADD KEY `products_sector_id_fk` (`sector_id`);

--
-- Indexes for table `password_reset_otps`
--
ALTER TABLE `password_reset_otps`
  ADD PRIMARY KEY (`id`),
  ADD UNIQUE KEY `user_id` (`user_id`,`otp`);

--
-- Indexes for table `sectors`
--
ALTER TABLE `sectors`
  ADD PRIMARY KEY (`sector_id`);

--
-- Indexes for table `users`
--
ALTER TABLE `users`
  ADD PRIMARY KEY (`id`),
  ADD UNIQUE KEY `email` (`email`);

--
-- Indexes for table `yield_archive`
--
ALTER TABLE `yield_archive`
  ADD PRIMARY KEY (`archive_id`),
  ADD KEY `idx_product_id` (`product_id`),
  ADD KEY `idx_farmer_id` (`farmer_id`),
  ADD KEY `idx_farm_id` (`farm_id`),
  ADD KEY `idx_harvest_date` (`harvest_date`),
  ADD KEY `idx_delete_date` (`delete_date`);

--
-- AUTO_INCREMENT for dumped tables
--

--
-- AUTO_INCREMENT for table `associations`
--
ALTER TABLE `associations`
  MODIFY `id` int NOT NULL AUTO_INCREMENT, AUTO_INCREMENT=12;

--
-- AUTO_INCREMENT for table `chart_annotations`
--
ALTER TABLE `chart_annotations`
  MODIFY `id` int NOT NULL AUTO_INCREMENT, AUTO_INCREMENT=36;

--
-- AUTO_INCREMENT for table `farmers`
--
ALTER TABLE `farmers`
  MODIFY `id` int NOT NULL AUTO_INCREMENT, AUTO_INCREMENT=240;

--
-- AUTO_INCREMENT for table `farmer_yield`
--
ALTER TABLE `farmer_yield`
  MODIFY `id` int NOT NULL AUTO_INCREMENT, AUTO_INCREMENT=1189;

--
-- AUTO_INCREMENT for table `farms`
--
ALTER TABLE `farms`
  MODIFY `farm_id` int NOT NULL AUTO_INCREMENT, AUTO_INCREMENT=58;

--
-- AUTO_INCREMENT for table `farm_products`
--
ALTER TABLE `farm_products`
  MODIFY `id` int NOT NULL AUTO_INCREMENT, AUTO_INCREMENT=191;

--
-- AUTO_INCREMENT for table `password_reset_otps`
--
ALTER TABLE `password_reset_otps`
  MODIFY `id` int NOT NULL AUTO_INCREMENT, AUTO_INCREMENT=8;

--
-- AUTO_INCREMENT for table `sectors`
--
ALTER TABLE `sectors`
  MODIFY `sector_id` int NOT NULL AUTO_INCREMENT, AUTO_INCREMENT=7;

--
-- AUTO_INCREMENT for table `users`
--
ALTER TABLE `users`
  MODIFY `id` int NOT NULL AUTO_INCREMENT, AUTO_INCREMENT=73;

--
-- AUTO_INCREMENT for table `yield_archive`
--
ALTER TABLE `yield_archive`
  MODIFY `archive_id` int NOT NULL AUTO_INCREMENT, AUTO_INCREMENT=43;

--
-- Constraints for dumped tables
--

--
-- Constraints for table `farmer_yield`
--
ALTER TABLE `farmer_yield`
  ADD CONSTRAINT `farmer_yield_farmer_idfk` FOREIGN KEY (`farmer_id`) REFERENCES `farmers` (`id`) ON DELETE CASCADE ON UPDATE CASCADE,
  ADD CONSTRAINT `farmer_yield_product_idfk` FOREIGN KEY (`product_id`) REFERENCES `farm_products` (`id`) ON DELETE CASCADE ON UPDATE CASCADE;

--
-- Constraints for table `farm_products`
--
ALTER TABLE `farm_products`
  ADD CONSTRAINT `products_sector_id_fk` FOREIGN KEY (`sector_id`) REFERENCES `sectors` (`sector_id`) ON DELETE CASCADE ON UPDATE CASCADE;

--
-- Constraints for table `password_reset_otps`
--
ALTER TABLE `password_reset_otps`
  ADD CONSTRAINT `password_reset_otps_ibfk_1` FOREIGN KEY (`user_id`) REFERENCES `users` (`id`);
COMMIT;

/*!40101 SET CHARACTER_SET_CLIENT=@OLD_CHARACTER_SET_CLIENT */;
/*!40101 SET CHARACTER_SET_RESULTS=@OLD_CHARACTER_SET_RESULTS */;
/*!40101 SET COLLATION_CONNECTION=@OLD_COLLATION_CONNECTION */;
